source,FoodID,FoodName,Protein_g_100g,Fat_g_100g,Carbs_g_100g,Fiber_g_100g,Sodium_mg_100g
USDA,"flour,_rice,_brown","flour,_rice,_brown",7.19,3.85,75.5,0.0,1.0
USDA,chickpea_flour,chickpea_flour,16.7,5.0,70.0,16.7,0.0
USDA,yeast,yeast,40.44,7.61,41.22,26.9,51.0
USDA,cornstarch,cornstarch,0.26,0.05,91.3,0.9,9.0
USDA,xanthan_gum,xanthan_gum,0.0,0.0,125.0,0.0,3120.0
USDA,water,water,0.0,0.0,10.8,0.0,8.0
USDA,potato_flour,potato_flour,6.9,0.34,83.1,5.9,55.0
USDA,salt,salt,0.0,0.0,1330.0,0.0,39300.0
USDA,"egg_substitute,_powder","egg_substitute,_powder",55.5,13.0,21.8,0.0,800.0
USDA,sweet_manioc_starch,sweet_manioc_starch,0.0,0.0,85.0,0.0,0.0
USDA,rice_flour,rice_flour,7.69,0.0,80.8,0.0,0.0
USDA,"catsup,_low_sodium","catsup,_low_sodium",1.04,0.1,27.4,0.3,20.0
,,,36.6,1.81,23.7,0.92,0.27
,"raw""",,< 0.5,-,-,5.8,-
,"Clupea harengus (Linnaeus,1758)",676.162.676.162,< 0.3,-,< 0.3,5.51,4.53
,"Pleuronectes platessa (Linnaeus,1758)",393.93.393.93.78.19.19,0.0,0.0,-,-,-
,"Melanogrammus aeglefinus (Linnaeus,1758)",377.89.377.89,-,0.0,0.0,-,0.25
,"Pollachius virens (Linnaeus,1758)",423,traces,-,0.0,0.23,0.058
,"Microstomus kitt (Walbaum,1792)",380,traces,-,0.0,0.31,0.28
,"Scomber scombrus (Linnaeus,1758)",949.228.949.228,-,0.0,0.0,-,6.85
,"Melangius merlangus (Linnaeus,1758)",526.125.526.125,-,0.0,0.0,0.01,2.58
,"Gadus morhua morhua (Linnaeus,1758)",401,traces,-,0.0,0.19,2.41
,Mugil spp.,602.143.602.143,-,0.0,0.0,-,10
,Raja spp.,409,0.5,0.0,-,-,0.46
,"Scyliorhinus canicula (Linnaeus,1758)",1070.256.1070.256,-,0.0,0.0,-,-
,"Salmo salar (Linnaeus,1758)",743.178.743.178,-,< 0.15,0,3.09,0.23
,Thunnus spp.,576.136.576.136,-,0.0,0.0,-,0.47
,"Solea solea (Linnaeus,1758) or Solea vulgaris",400,traces,-,0.0,0.2,0.22
,Lophius spp.,417,0.0,0.0,0.0,-,3.09
,"Xiphias gladius (Linnaeus,1758)",1110.266.1110.266,-,0.0,0.0,0.0067,
,"Psetta maxima (Linnaeus,1758) or Scophtalmus maximus",497.118.497.118,-,0.0,0.0,-,0.24
,"Merluccius merluccius (Linnaeus,1758)",472.112.472.112,-,0.0,0.0,-,0.24
,"Sardina pichardus (Walbaum,1792)",812.194.812.194.64,0.0,0,0.0,-,
,Lutjanus spp.,511.121.511.121,-,-,-,0.59,1.6
,Trachyscorpia cristula echinata (Köhler 1869),533.126.533.126,-,-,-,0.73,1.32
,Theragra chalcogramma,344,0,-,0,0.0,-
,"Pollachius pollachius (Linnaeus,1758) or Merluccius merluccius (Linnaeus,1758)",425.100.425.100,-,-,-,< 0.01,1.09
,Spondyliosoma cantharus,512.121.512.121.71,-,-,-,< 0.0012,-
,Molva spp.,447.105.447.105,-,-,-,< 0.00018,2.26
,"Hippoglossus Reinhardtius (Walbaum,1792)",722.173.722.173,-,-,-,0.98,0.66
,"Anguilla anguilla (Linnaeus,1758)",955.229.955.229,-,0.0,0.0,0,2.89
,"Esox lucius (Linnaeus,1758)",425.100.425.100,-,-,-,0.27,0.077
,"Cyprinus carpio carpio (Linnaeus,1758)",633.151.633.151,-,0.0,0.0,-,0.22
,"Perca fluviatilis (Linnaeus,1758)",503.119.503.119,-,0.0,0.0,-,16
,Salmo trutta,766.183.766.183,-,0.0,0.0,-,15
,Oncorhynchus mykiss,600.143.600.143.71,0.0,0,0.0,0.21,4.56
,Pangasius bocourti (Sauvage 1880),335.79.335.79,-,-,-,< 0.01,1.44
,"Dicentrarchus labrax (Linnaeus,1758) or Morone labrax (Linnaeus,1758)",617.147.617.147,-,-,-,2.14,0.17
,Sparus aurata,620.148.620.148,-,-,-,1.79,6.41
,Roccus saxatilis,477.113.477.113,-,-,-,1.07,1.62
,"Hippoglossus hippoglossus (Linnaeus,1758)",409,traces,-,0,0.0,-
,"Limanda limanda (Linnaeus,1758)",342,traces,< 0.2,0,0.0,0.4
,Thunnus albacares,459.108.459.108,0.0,0,0.0,0.009,3.44
,"Euthynnus pelamis (Linnaeus,1758)",411,1.01,-,-,0.33,-
,"Thunnus thynnus (Linnaeus,1758)",649.155.649.155,-,-,-,1.43,1.05
,"Anarhichas lupus (Linnaeus,1758)",379,traces,-,0,0.0,2.4
,Thunnus alalunga,514.121.514.121,-,-,-,0.27,0.062
,"Engraulis encrasicolus (Linnaeus,1758)",541.129.541.129,-,-,-,1.69,12.7
,"Osmerus eperlanus (Linnaeus,1758) or Osmerus spp.",361,traces,-,0.0,0.53,-
,"Lepidorhombus whiffiagonis (Walbaum,1792) or Lepidorhombus boscii",395,traces,-,0,0.0,-
,"Mullus barbatus (Linnaeus,1758),Mullus surmuletus (Linnaeus,1758)",660.158.660.158,-,0.0,0.0,-,4.46
,Sparus aurata or Chrysophrys aurata,543.129.543.129,-,-,-,1.73,0
,"Salmo trutta forma marina (Linnaeus,1758) or Salmo trutta trutta",467.111.467.111,-,0.0,0.0,-,3.5
,"Boops boops (Linnaeus,1758)",380.90.380.90,-,0.0,0.0,-,0.46
,"Sarda sarda (Bloch,1793)",675.161.675.161.70,-,-,-,-,-
,"Scomber colias (Linnaeus,1758) or Scomber japonicus (Linnaeus,1758)",567.135.567.135,-,-,-,1.01,2.3
,"Dentex dentex (Linnaeus,1758)",418,3.5,-,-,0.45,-
,"Zeus faber  (Linnaeus,1758)",368,traces,-,0.0,0.28,0
,"Eutrigla gurnardus (Linnaeus,1758) or Trigla lucerna or Aspitigla cuculus",397.94.397.94.75.19.19,-,0,0.0,-,-
,"Sciaena umbra (Linnaeus,1758)",370,0,-,-,-,-
,"Mallotus villosus (Müller,1776) or Gadus minutus (Linnaeus,1758) or Gadus capelanus Risso",380.90.380.90,-,-,-,-,-
,"Pagellus bogaraveo (Brünnich,1768) or Beryx decadactylus (Cuvier,1829)",431.102.431.102,-,-,-,-,-
,"Boops salpa (Linnaeus,1758),Sarpa salpa",399,0,-,-,-,-
,"Trachurus trachurus (Linnaeus,1758)",487.116.487.116.78.19.19,-,0.0,-,-,-
,"Conger conger (Artedi,1738) (Linnaeus,1758)",481.115.481.115,-,0.0,0.0,-,3
,Coryphaenoides rupestris or Macrourus bergalax or Macrourus holotrachys,292,traces,-,0,0.0,-
,"Gadus luscus (Linnaeus,1758),Trisopterus iuscus (Linnaeus,1758)",346,traces,-,0,0.0,0.34
,Trichiurus lepturus,524.125.524.125,-,-,-,-,0.14
,Caranx spp.,438.104.438.104,-,-,-,-,0
,"Selar crumenophthalmus (Bloch,1793)",301,traces,-,0,0.0,-
,Lamma nasus or Isurus oxyrinchus,461.109.461.109,-,-,-,0.62,3.67
,"Belone belone (Linnaeus,1758)",558.133.558.133,-,-,-,-,0.012
,Cyclopterus lumpus,695.168.695.168,-,-,-,-,0.07
,"Abramis brama (Linnaeus,1758)",435.104.435.104.77,-,0.0,-,-,-
,"Salvelinus alpinus (Linnaeus,1758)",436.103.436.103,-,-,-,-,0.16
,"Anarhichas minor (Olafsen,1772)",454.108.454.108,-,-,-,-,2.5
,"Clupea (Sprattus) sprattus (Linnaeus,1758)",777.186.777.186,-,-,-,3.16,0.04
,"Coregonus lavaretus (Linnaeus,1758)",486.115.486.115,-,0,-,0.0,15.1
,Epinephelus spp.,349,traces,-,0,0.0,0
,Molva dypterigia,338,traces,-,0,0.0,0.17
,Cynoglossus spp.,289,traces,-,0,0.0,< 0.5
,"Dicentrarchus labrax (Linnaeus,1758)",414,traces,-,0,0.0,0.71
,Lophius budegassa,298,traces,-,0,0.0,-
,Sebastes marinus,378,traces,0.0,0.0,0.0,2.16
,Macruronus novaezelandiae or Macruronus Magellanicus,389,traces,-,0,0.0,0.47
,Macruronus novaezelandiae,319,traces,-,0,0.26,0.3
,Trigla lucerna,412,traces,-,0,0.0,-
,Merluccius capensis,330.78.330.78,< 0.3,-,< 0.3,0.008,-
,Atherina boyeri or Atherina presbyter or Atherina hepsetus,375,traces,-,0,0.0,-
,Prionace glauca,311,1.5,-,-,0.3,-
,"Parupeneus heptacanthus,Parupeneus cinnabarus,Pseudupeneus prayensis",407,traces,-,0,0.0,-
,"Acipenser sturio (Linnaeus,1758)",517.123.517.123,-,-,-,1.07,6.96
,"Ictalurus nebulosus (Le Sueur,1819) or Pangasius spp.",276,traces,0.0,0.0,0.17,1.35
,Oreochromis spp.,387,traces,-,0,0.0,0
,"Salmo trutta forma lacustris (Linnaeus,1758)",600.143.600.143,-,-,-,-,0
,"Lota lota (Linnaeus,1758)",326.77.326.77,-,0,-,-,1.56
,"Lucioperca lucioperca (Linnaeus,1758) or Sander lucioperca",351,traces,-,0,0.21,1
,Lates niloticus,349,traces,-,0,0.0,0.49
,Littorina littorea,-,-,0,-,2.1,< 0.5
,(Genus and species unknown),463.110.463.110.73,0,< 0.2,< 0.2,0.0,0.11
,Crangon crangon,381,1.47,0,-,0.28,0.11
,Homarus gammarus or Homarus americanus,385,0.11,0.0,0.0,0.0,1.43
,Mytilus spp.,457.108.457.108,< 0.15,0,< 0.15,0.72,5.87
,Buccinum undatum,415,2.69,0,traces,0.046,3.4
,Panulirus spp.,449.106.449.106,-,0.0,0.0,-,0.4
,Cancer pagurus,520.124.520.124,-,0.0,0.0,-,0.2
,Ruditapes decussatus or Mercenaria spp. Or Venus verrucosa,420,5.33,-,0,0.0,-
,Palaemon serratus,-,-,-,-,0.0,5.98
,Loligo vulgaris,632.149.632.149,-,-,-,0.27,-
,"Nephros norvegicus (Linnaeus,1758)",-,-,-,-,0.0,-
,Maja squinado,-,-,-,-,0.0,1.25
,Penaeus vannamei,-,-,-,-,0.0,-
,Penaeus monodon,-,-,-,-,0.0,-
,Penaeus brasiliensis,-,-,-,-,0.0,1.91
,Octopus vulgaris,659.156.659.156,-,-,-,0.48,3.78
,Helix spp.,338.80.338.80,< 0.2,< 0.2,< 0.2,0.75,-
,Crassostrea spp.,283,3.86,0,traces,0.23,0
,Mytilus edulis,303,2.69,-,0.0,0.49,0.077
,"Sepia officinalis,Sepia spp.",323,0.51,-,0.0,0.37,0.5
,Ruditapes decussatus or Mercenaria spp. or Venus verrucosa,339,2.66,0.0,0.16,0.46,0.15
,Mytilus galloprovincialis,290,2.77,-,-,0.0,-
,Crassostrea gigas,283,3.86,-,0.0,0.35,0.037
,Ostrea edulis,226,1.16,-,0,0.0,0
,Strombus gigas,422,8.69,-,0,0.0,0.19
,Placopecten magellanicus,345,1.78,-,-,0.0,-
,Argopecten purpuratus,376,3.1,-,0,0.0,-
,Parapeneus longirostris,392,0,-,-,0.0,-
,"Cyclopterus lumpus Linnaeus,1758",462.111.462.111.76,-,< 0.15,0,3.52,0.071
,(Genus and species unknown)v,809.193.809.193,0,0.0,0.0,< 0.05,0.073
,"Gadus morhua morhua Linnaeus,1758",614.146.614.146.67,-,-,-,1.31,-
,Salmo spp.,-,-,< 0.2,< 0.2,0,< 0.5
,"from abbey or regional (varying alcohol content)""",,0.63,-,0,-,0
,2,,,,,,
,4,,,,,,
,5,,,,,,
,6,,,,,,
,7,,,,,,
,8,,,,,,
,9,,,,,,
,10,,,,,,
,13,,,,,,
,14,,,,,,
,16,,,,,,
,17,,,,,,
,18,,,,,,
,19,,,,,,
,20,,,,,,
,21,,,,,,
,22,,,,,,
,23,,,,,,
,24,,,,,,
,25,,,,,,
,26,,,,,,
,27,,,,,,
,28,,,,,,
,29,,,,,,
,30,,,,,,
,31,,,,,,
,32,,,,,,
,33,,,,,,
,34,,,,,,
,35,,,,,,
,37,,,,,,
,38,,,,,,
,39,,,,,,
,40,,,,,,
,41,,,,,,
,42,,,,,,
,43,,,,,,
,44,,,,,,
,45,,,,,,
,46,,,,,,
,47,,,,,,
,48,,,,,,
,51,,,,,,
,52,,,,,,
,54,,,,,,
,55,,,,,,
,56,,,,,,
,57,,,,,,
,58,,,,,,
,59,,,,,,
,60,,,,,,
,61,,,,,,
,63,,,,,,
,66,,,,,,
,67,,,,,,
,68,,,,,,
,69,,,,,,
,70,,,,,,
,71,,,,,,
,72,,,,,,
,73,,,,,,
,74,,,,,,
,75,,,,,,
,76,,,,,,
,77,,,,,,
,78,,,,,,
,79,,,,,,
,80,,,,,,
,83,,,,,,
,84,,,,,,
,85,,,,,,
,86,,,,,,
,87,,,,,,
,88,,,,,,
,89,,,,,,
,90,,,,,,
,91,,,,,,
,92,,,,,,
,93,,,,,,
,96,,,,,,
,97,,,,,,
,98,,,,,,
,100,,,,,,
,101,,,,,,
,102,,,,,,
,103,,,,,,
,104,,,,,,
,105,,,,,,
,106,,,,,,
,107,,,,,,
,108,,,,,,
,109,,,,,,
,110,,,,,,
,111,,,,,,
,112,,,,,,
,113,,,,,,
,114,,,,,,
,115,,,,,,
,116,,,,,,
,117,,,,,,
,118,,,,,,
,119,,,,,,
,120,,,,,,
,122,,,,,,
,123,,,,,,
,124,,,,,,
,125,,,,,,
,126,,,,,,
,127,,,,,,
,129,,,,,,
,130,,,,,,
,132,,,,,,
,133,,,,,,
,134,,,,,,
,136,,,,,,
,137,,,,,,
,138,,,,,,
,139,,,,,,
,140,,,,,,
,147,,,,,,
,150,,,,,,
,151,,,,,,
,152,,,,,,
,153,,,,,,
,160,,,,,,
,163,,,,,,
,164,,,,,,
,169,,,,,,
,170,,,,,,
,171,,,,,,
,172,,,,,,
,173,,,,,,
,174,,,,,,
,175,,,,,,
,176,,,,,,
,177,,,,,,
,178,,,,,,
,179,,,,,,
,180,,,,,,
,181,,,,,,
,182,,,,,,
,183,,,,,,
,184,,,,,,
,185,,,,,,
,186,,,,,,
,187,,,,,,
,188,,,,,,
,189,,,,,,
,190,,,,,,
,191,,,,,,
,192,,,,,,
,193,,,,,,
,194,,,,,,
,195,,,,,,
,196,,,,,,
,197,,,,,,
,198,,,,,,
,199,,,,,,
,200,,,,,,
,201,,,,,,
,202,,,,,,
,203,,,,,,
,204,,,,,,
,205,,,,,,
,206,,,,,,
,207,,,,,,
,209,,,,,,
,210,,,,,,
,211,,,,,,
,212,,,,,,
,213,,,,,,
,214,,,,,,
,215,,,,,,
,216,,,,,,
,217,,,,,,
,218,,,,,,
,219,,,,,,
,232,,,,,,
,283,,,,,,
,285,,,,,,
,286,,,,,,
,287,,,,,,
,291,,,,,,
,293,,,,,,
,394,,,,,,
,414,,,,,,
,415,,,,,,
,416,,,,,,
,417,,,,,,
,418,,,,,,
,419,,,,,,
,420,,,,,,
,422,,,,,,
,423,,,,,,
,424,,,,,,
,426,,,,,,
,428,,,,,,
,429,,,,,,
,430,,,,,,
,432,,,,,,
,433,,,,,,
,434,,,,,,
,435,,,,,,
,436,,,,,,
,437,,,,,,
,438,,,,,,
,439,,,,,,
,440,,,,,,
,441,,,,,,
,442,,,,,,
,443,,,,,,
,444,,,,,,
,445,,,,,,
,446,,,,,,
,447,,,,,,
,448,,,,,,
,449,,,,,,
,450,,,,,,
,451,,,,,,
,452,,,,,,
,453,,,,,,
,454,,,,,,
,455,,,,,,
,456,,,,,,
,457,,,,,,
,458,,,,,,
,459,,,,,,
,460,,,,,,
,461,,,,,,
,462,,,,,,
,463,,,,,,
,464,,,,,,
,523,,,,,,
,524,,,,,,
,525,,,,,,
,526,,,,,,
,527,,,,,,
,528,,,,,,
,529,,,,,,
,530,,,,,,
,531,,,,,,
,532,,,,,,
,533,,,,,,
,534,,,,,,
,535,,,,,,
,539,,,,,,
,540,,,,,,
,541,,,,,,
,542,,,,,,
,543,,,,,,
,544,,,,,,
,545,,,,,,
,546,,,,,,
,547,,,,,,
,548,,,,,,
,550,,,,,,
,552,,,,,,
,555,,,,,,
,556,,,,,,
,557,,,,,,
,558,,,,,,
,559,,,,,,
,560,,,,,,
,561,,,,,,
,562,,,,,,
,563,,,,,,
,564,,,,,,
,565,,,,,,
,566,,,,,,
,567,,,,,,
,568,,,,,,
,569,,,,,,
,570,,,,,,
,571,,,,,,
,572,,,,,,
,573,,,,,,
,574,,,,,,
,575,,,,,,
,576,,,,,,
,577,,,,,,
,578,,,,,,
,579,,,,,,
,580,,,,,,
,581,,,,,,
,582,,,,,,
,583,,,,,,
,584,,,,,,
,585,,,,,,
,586,,,,,,
,587,,,,,,
,588,,,,,,
,589,,,,,,
,590,,,,,,
,591,,,,,,
,592,,,,,,
,593,,,,,,
,594,,,,,,
,595,,,,,,
,596,,,,,,
,597,,,,,,
,598,,,,,,
,599,,,,,,
,600,,,,,,
,601,,,,,,
,602,,,,,,
,603,,,,,,
,604,,,,,,
,605,,,,,,
,606,,,,,,
,607,,,,,,
,608,,,,,,
,609,,,,,,
,610,,,,,,
,611,,,,,,
,612,,,,,,
,613,,,,,,
,614,,,,,,
,615,,,,,,
,616,,,,,,
,617,,,,,,
,618,,,,,,
,619,,,,,,
,620,,,,,,
,621,,,,,,
,622,,,,,,
,623,,,,,,
,624,,,,,,
,625,,,,,,
,626,,,,,,
,627,,,,,,
,628,,,,,,
,629,,,,,,
,630,,,,,,
,631,,,,,,
,632,,,,,,
,633,,,,,,
,634,,,,,,
,635,,,,,,
,636,,,,,,
,637,,,,,,
,638,,,,,,
,639,,,,,,
,640,,,,,,
,641,,,,,,
,642,,,,,,
,643,,,,,,
,644,,,,,,
,645,,,,,,
,646,,,,,,
,647,,,,,,
,648,,,,,,
,649,,,,,,
,650,,,,,,
,651,,,,,,
,652,,,,,,
,653,,,,,,
,654,,,,,,
,655,,,,,,
,656,,,,,,
,657,,,,,,
,658,,,,,,
,659,,,,,,
,660,,,,,,
,661,,,,,,
,662,,,,,,
,663,,,,,,
,664,,,,,,
,665,,,,,,
,666,,,,,,
,667,,,,,,
,668,,,,,,
,669,,,,,,
,670,,,,,,
,671,,,,,,
,672,,,,,,
,673,,,,,,
,674,,,,,,
,675,,,,,,
,676,,,,,,
,677,,,,,,
,678,,,,,,
,679,,,,,,
,680,,,,,,
,681,,,,,,
,682,,,,,,
,683,,,,,,
,684,,,,,,
,685,,,,,,
,688,,,,,,
,689,,,,,,
,690,,,,,,
,691,,,,,,
,692,,,,,,
,693,,,,,,
,694,,,,,,
,695,,,,,,
,696,,,,,,
,697,,,,,,
,698,,,,,,
,699,,,,,,
,700,,,,,,
,701,,,,,,
,702,,,,,,
,703,,,,,,
,704,,,,,,
,705,,,,,,
,706,,,,,,
,707,,,,,,
,708,,,,,,
,709,,,,,,
,710,,,,,,
,711,,,,,,
,712,,,,,,
,713,,,,,,
,714,,,,,,
,715,,,,,,
,716,,,,,,
,717,,,,,,
,718,,,,,,
,719,,,,,,
,722,,,,,,
,723,,,,,,
,724,,,,,,
,725,,,,,,
,728,,,,,,
,729,,,,,,
,730,,,,,,
,731,,,,,,
,732,,,,,,
,733,,,,,,
,734,,,,,,
,735,,,,,,
,740,,,,,,
,741,,,,,,
,742,,,,,,
,743,,,,,,
,744,,,,,,
,745,,,,,,
,746,,,,,,
,747,,,,,,
,748,,,,,,
,749,,,,,,
,750,,,,,,
,751,,,,,,
,754,,,,,,
,755,,,,,,
,756,,,,,,
,757,,,,,,
,760,,,,,,
,761,,,,,,
,762,,,,,,
,763,,,,,,
,764,,,,,,
,765,,,,,,
,766,,,,,,
,767,,,,,,
,770,,,,,,
,771,,,,,,
,772,,,,,,
,773,,,,,,
,774,,,,,,
,775,,,,,,
,778,,,,,,
,779,,,,,,
,780,,,,,,
,781,,,,,,
,784,,,,,,
,785,,,,,,
,786,,,,,,
,787,,,,,,
,788,,,,,,
,789,,,,,,
,790,,,,,,
,791,,,,,,
,794,,,,,,
,795,,,,,,
,796,,,,,,
,797,,,,,,
,798,,,,,,
,799,,,,,,
,800,,,,,,
,802,,,,,,
,804,,,,,,
,805,,,,,,
,810,,,,,,
,811,,,,,,
,812,,,,,,
,813,,,,,,
,815,,,,,,
,816,,,,,,
,817,,,,,,
,818,,,,,,
,819,,,,,,
,820,,,,,,
,821,,,,,,
,822,,,,,,
,823,,,,,,
,824,,,,,,
,831,,,,,,
,832,,,,,,
,833,,,,,,
,834,,,,,,
,835,,,,,,
,836,,,,,,
,837,,,,,,
,838,,,,,,
,839,,,,,,
,840,,,,,,
,841,,,,,,
,842,,,,,,
,843,,,,,,
,844,,,,,,
,845,,,,,,
,846,,,,,,
,847,,,,,,
,848,,,,,,
,849,,,,,,
,850,,,,,,
,851,,,,,,
,852,,,,,,
,853,,,,,,
,854,,,,,,
,855,,,,,,
,886,,,,,,
,887,,,,,,
,918,,,,,,
,919,,,,,,
,923,,,,,,
,924,,,,,,
,926,,,,,,
,927,,,,,,
,928,,,,,,
,929,,,,,,
,930,,,,,,
,931,,,,,,
,932,,,,,,
,933,,,,,,
,934,,,,,,
,935,,,,,,
,936,,,,,,
,937,,,,,,
,938,,,,,,
,939,,,,,,
,940,,,,,,
,944,,,,,,
,945,,,,,,
,946,,,,,,
,947,,,,,,
,948,,,,,,
,949,,,,,,
,950,,,,,,
,951,,,,,,
,953,,,,,,
,954,,,,,,
,957,,,,,,
,958,,,,,,
,961,,,,,,
,963,,,,,,
,964,,,,,,
,965,,,,,,
,966,,,,,,
,967,,,,,,
,968,,,,,,
,969,,,,,,
,970,,,,,,
,971,,,,,,
,972,,,,,,
,973,,,,,,
,974,,,,,,
,975,,,,,,
,976,,,,,,
,979,,,,,,
,980,,,,,,
,981,,,,,,
,982,,,,,,
,983,,,,,,
,984,,,,,,
,985,,,,,,
,986,,,,,,
,987,,,,,,
,988,,,,,,
,994,,,,,,
,997,,,,,,
,999,,,,,,
,1000,,,,,,
,1001,,,,,,
,1002,,,,,,
,1003,,,,,,
,1004,,,,,,
,1005,,,,,,
,1006,,,,,,
,1007,,,,,,
,1008,,,,,,
,1009,,,,,,
,1010,,,,,,
,1011,,,,,,
,1012,,,,,,
,1017,,,,,,
,1025,,,,,,
,1026,,,,,,
,1027,,,,,,
,1028,,,,,,
,1029,,,,,,
,1030,,,,,,
,1046,,,,,,
,1047,,,,,,
,1049,,,,,,
,1050,,,,,,
,1051,,,,,,
,1052,,,,,,
,1053,,,,,,
,1054,,,,,,
,1055,,,,,,
,1056,,,,,,
,1057,,,,,,
,1060,,,,,,
,1061,,,,,,
,1062,,,,,,
,1063,,,,,,
,1064,,,,,,
,1065,,,,,,
,1067,,,,,,
,1068,,,,,,
,1071,,,,,,
,1075,,,,,,
,1076,,,,,,
,1077,,,,,,
,1078,,,,,,
,1079,,,,,,
,1080,,,,,,
,1081,,,,,,
,1082,,,,,,
,1083,,,,,,
,1084,,,,,,
,1085,,,,,,
,1086,,,,,,
,1087,,,,,,
,1088,,,,,,
,1089,,,,,,
,1090,,,,,,
,1091,,,,,,
,1092,,,,,,
,1093,,,,,,
,1094,,,,,,
,1095,,,,,,
,1096,,,,,,
,1097,,,,,,
,1108,,,,,,
,1116,,,,,,
,1117,,,,,,
,1118,,,,,,
,1119,,,,,,
,1120,,,,,,
,1121,,,,,,
,1124,,,,,,
,1125,,,,,,
,1126,,,,,,
,1127,,,,,,
,1128,,,,,,
,1130,,,,,,
,1131,,,,,,
,1133,,,,,,
,1135,,,,,,
,1139,,,,,,
,1140,,,,,,
,1142,,,,,,
,1143,,,,,,
,1144,,,,,,
,1147,,,,,,
,1148,,,,,,
,1151,,,,,,
,1152,,,,,,
,1153,,,,,,
,1154,,,,,,
,1157,,,,,,
,1158,,,,,,
,1159,,,,,,
,1160,,,,,,
,1161,,,,,,
,1164,,,,,,
,1166,,,,,,
,1167,,,,,,
,1171,,,,,,
,1172,,,,,,
,1174,,,,,,
,1175,,,,,,
,1178,,,,,,
,1179,,,,,,
,1182,,,,,,
,1183,,,,,,
,1184,,,,,,
,1185,,,,,,
,1187,,,,,,
,1190,,,,,,
,1192,,,,,,
,1196,,,,,,
,1198,,,,,,
,1199,,,,,,
,1200,,,,,,
,1202,,,,,,
,1207,,,,,,
,1212,,,,,,
,1216,,,,,,
,1217,,,,,,
,1220,,,,,,
,1222,,,,,,
,1223,,,,,,
,1224,,,,,,
,1225,,,,,,
,1228,,,,,,
,1229,,,,,,
,1230,,,,,,
,1231,,,,,,
,1232,,,,,,
,1235,,,,,,
,1236,,,,,,
,1238,,,,,,
,1239,,,,,,
,1240,,,,,,
,1242,,,,,,
,1244,,,,,,
,1247,,,,,,
,1248,,,,,,
,1249,,,,,,
,1251,,,,,,
,1253,,,,,,
,1256,,,,,,
,1257,,,,,,
,1258,,,,,,
,1259,,,,,,
,1260,,,,,,
,1262,,,,,,
,1263,,,,,,
,1264,,,,,,
,1265,,,,,,
,1266,,,,,,
,1267,,,,,,
,1268,,,,,,
,1269,,,,,,
,1270,,,,,,
,1271,,,,,,
,1275,,,,,,
,1276,,,,,,
,1278,,,,,,
,1279,,,,,,
,1280,,,,,,
,1291,,,,,,
,1292,,,,,,
,1293,,,,,,
,1295,,,,,,
,1300,,,,,,
,1301,,,,,,
,1303,,,,,,
,1305,,,,,,
,1314,,,,,,
,1317,,,,,,
,1325,,,,,,
,1326,,,,,,
,1327,,,,,,
,1328,,,,,,
,1331,,,,,,
,1332,,,,,,
,1333,,,,,,
,1334,,,,,,
,1335,,,,,,
,1336,,,,,,
,1337,,,,,,
,1338,,,,,,
,1339,,,,,,
,1344,,,,,,
,1348,,,,,,
,1350,,,,,,
,1353,,,,,,
,1360,,,,,,
,1367,,,,,,
,1372,,,,,,
,1374,,,,,,
,1375,,,,,,
,1378,,,,,,
,1380,,,,,,
,1381,,,,,,
,1382,,,,,,
,1383,,,,,,
,1386,,,,,,
,1387,,,,,,
,1391,,,,,,
,1393,,,,,,
,1397,,,,,,
,1398,,,,,,
,1399,,,,,,
,1400,,,,,,
,1401,,,,,,
,1402,,,,,,
,1403,,,,,,
,1404,,,,,,
,1413,,,,,,
,1414,,,,,,
,1415,,,,,,
,1416,,,,,,
,1419,,,,,,
,1420,,,,,,
,1421,,,,,,
,1422,,,,,,
,1423,,,,,,
,1424,,,,,,
,1431,,,,,,
,1432,,,,,,
,1435,,,,,,
,1436,,,,,,
,1437,,,,,,
,1438,,,,,,
,1439,,,,,,
,1440,,,,,,
,1443,,,,,,
,1444,,,,,,
,1462,,,,,,
,1463,,,,,,
,1464,,,,,,
,1465,,,,,,
,1466,,,,,,
,1467,,,,,,
,1470,,,,,,
,1471,,,,,,
,1472,,,,,,
,1473,,,,,,
,1474,,,,,,
,1475,,,,,,
,1477,,,,,,
,1478,,,,,,
,1479,,,,,,
,1484,,,,,,
,1485,,,,,,
,1486,,,,,,
,1487,,,,,,
,1488,,,,,,
,1489,,,,,,
,1490,,,,,,
,1491,,,,,,
,1492,,,,,,
,1493,,,,,,
,1494,,,,,,
,1495,,,,,,
,1496,,,,,,
,1497,,,,,,
,1498,,,,,,
,1499,,,,,,
,1500,,,,,,
,1501,,,,,,
,1502,,,,,,
,1503,,,,,,
,1504,,,,,,
,1505,,,,,,
,1506,,,,,,
,1507,,,,,,
,1508,,,,,,
,1509,,,,,,
,1510,,,,,,
,1511,,,,,,
,1512,,,,,,
,1513,,,,,,
,1514,,,,,,
,1515,,,,,,
,1516,,,,,,
,1517,,,,,,
,1518,,,,,,
,1519,,,,,,
,1520,,,,,,
,1521,,,,,,
,1522,,,,,,
,1523,,,,,,
,1524,,,,,,
,1525,,,,,,
,1526,,,,,,
,1527,,,,,,
,1528,,,,,,
,1529,,,,,,
,1530,,,,,,
,1531,,,,,,
,1532,,,,,,
,1533,,,,,,
,1534,,,,,,
,1535,,,,,,
,1536,,,,,,
,1537,,,,,,
,1538,,,,,,
,1539,,,,,,
,1540,,,,,,
,1541,,,,,,
,1542,,,,,,
,1543,,,,,,
,1544,,,,,,
,1545,,,,,,
,1546,,,,,,
,1547,,,,,,
,1548,,,,,,
,1549,,,,,,
,1550,,,,,,
,1551,,,,,,
,1552,,,,,,
,1553,,,,,,
,1554,,,,,,
,1555,,,,,,
,1556,,,,,,
,1557,,,,,,
,1558,,,,,,
,1559,,,,,,
,1560,,,,,,
,1561,,,,,,
,1562,,,,,,
,1563,,,,,,
,1564,,,,,,
,1565,,,,,,
,1566,,,,,,
,1567,,,,,,
,1568,,,,,,
,1569,,,,,,
,1570,,,,,,
,1571,,,,,,
,1572,,,,,,
,1573,,,,,,
,1574,,,,,,
,1575,,,,,,
,1576,,,,,,
,1577,,,,,,
,1578,,,,,,
,1579,,,,,,
,1580,,,,,,
,1581,,,,,,
,1582,,,,,,
,1583,,,,,,
,1584,,,,,,
,1585,,,,,,
,1586,,,,,,
,1587,,,,,,
,1589,,,,,,
,1590,,,,,,
,1591,,,,,,
,1592,,,,,,
,1593,,,,,,
,1594,,,,,,
,1595,,,,,,
,1596,,,,,,
,1597,,,,,,
,1598,,,,,,
,1599,,,,,,
,1600,,,,,,
,1601,,,,,,
,1602,,,,,,
,1603,,,,,,
,1604,,,,,,
,1605,,,,,,
,1606,,,,,,
,1610,,,,,,
,1611,,,,,,
,1612,,,,,,
,1613,,,,,,
,1614,,,,,,
,1615,,,,,,
,1616,,,,,,
,1617,,,,,,
,1618,,,,,,
,1619,,,,,,
,1620,,,,,,
,1621,,,,,,
,1622,,,,,,
,1623,,,,,,
,1624,,,,,,
,1625,,,,,,
,1628,,,,,,
,1629,,,,,,
,1630,,,,,,
,1631,,,,,,
,1632,,,,,,
,1633,,,,,,
,1634,,,,,,
,1635,,,,,,
,1636,,,,,,
,1637,,,,,,
,1638,,,,,,
,1639,,,,,,
,1640,,,,,,
,1641,,,,,,
,1642,,,,,,
,1643,,,,,,
,1644,,,,,,
,1645,,,,,,
,1646,,,,,,
,1647,,,,,,
,1648,,,,,,
,1649,,,,,,
,1650,,,,,,
,1651,,,,,,
,1652,,,,,,
,1653,,,,,,
,1654,,,,,,
,1655,,,,,,
,1656,,,,,,
,1657,,,,,,
,1658,,,,,,
,1659,,,,,,
,1660,,,,,,
,1661,,,,,,
,1662,,,,,,
,1663,,,,,,
,1664,,,,,,
,1665,,,,,,
,1666,,,,,,
,1667,,,,,,
,1668,,,,,,
,1669,,,,,,
,1670,,,,,,
,1671,,,,,,
,1672,,,,,,
,1673,,,,,,
,1674,,,,,,
,1675,,,,,,
,1676,,,,,,
,1677,,,,,,
,1678,,,,,,
,1679,,,,,,
,1680,,,,,,
,1681,,,,,,
,1682,,,,,,
,1683,,,,,,
,1684,,,,,,
,1685,,,,,,
,1686,,,,,,
,1687,,,,,,
,1688,,,,,,
,1689,,,,,,
,1690,,,,,,
,1691,,,,,,
,1692,,,,,,
,1693,,,,,,
,1694,,,,,,
,1696,,,,,,
,1697,,,,,,
,1698,,,,,,
,1699,,,,,,
,1700,,,,,,
,1701,,,,,,
,1702,,,,,,
,1703,,,,,,
,1704,,,,,,
,1705,,,,,,
,1706,,,,,,
,1707,,,,,,
,1708,,,,,,
,1709,,,,,,
,1710,,,,,,
,1711,,,,,,
,1712,,,,,,
,1713,,,,,,
,1714,,,,,,
,1715,,,,,,
,1716,,,,,,
,1717,,,,,,
,1718,,,,,,
,1719,,,,,,
,1720,,,,,,
,1721,,,,,,
,1722,,,,,,
,1723,,,,,,
,1724,,,,,,
,1725,,,,,,
,1726,,,,,,
,1727,,,,,,
,1728,,,,,,
,1729,,,,,,
,1730,,,,,,
,1731,,,,,,
,1732,,,,,,
,1733,,,,,,
,1734,,,,,,
,1735,,,,,,
,1736,,,,,,
,1737,,,,,,
,1738,,,,,,
,1739,,,,,,
,1740,,,,,,
,1741,,,,,,
,1742,,,,,,
,1743,,,,,,
,1744,,,,,,
,1745,,,,,,
,1746,,,,,,
,1747,,,,,,
,1748,,,,,,
,1749,,,,,,
,1750,,,,,,
,1751,,,,,,
,1752,,,,,,
,1753,,,,,,
,1754,,,,,,
,1755,,,,,,
,1757,,,,,,
,1758,,,,,,
,1759,,,,,,
,1760,,,,,,
,1761,,,,,,
,1762,,,,,,
,1763,,,,,,
,1764,,,,,,
,1765,,,,,,
,1766,,,,,,
,1767,,,,,,
,1768,,,,,,
,1769,,,,,,
,1770,,,,,,
,1771,,,,,,
,1772,,,,,,
,1773,,,,,,
,1774,,,,,,
,1775,,,,,,
,1776,,,,,,
,1777,,,,,,
,1778,,,,,,
,1779,,,,,,
,1780,,,,,,
,1781,,,,,,
,1782,,,,,,
,1783,,,,,,
,1784,,,,,,
,1785,,,,,,
,1786,,,,,,
,1787,,,,,,
,1788,,,,,,
,1789,,,,,,
,1790,,,,,,
,1791,,,,,,
,1792,,,,,,
,1793,,,,,,
,1794,,,,,,
,1795,,,,,,
,1796,,,,,,
,1797,,,,,,
,1798,,,,,,
,1799,,,,,,
,1800,,,,,,
,1801,,,,,,
,1802,,,,,,
,1803,,,,,,
,1804,,,,,,
,1808,,,,,,
,1812,,,,,,
,1813,,,,,,
,1814,,,,,,
,1815,,,,,,
,1816,,,,,,
,1817,,,,,,
,1818,,,,,,
,1819,,,,,,
,1820,,,,,,
,1821,,,,,,
,1822,,,,,,
,1823,,,,,,
,1824,,,,,,
,1825,,,,,,
,1826,,,,,,
,1827,,,,,,
,1828,,,,,,
,1829,,,,,,
,1830,,,,,,
,1832,,,,,,
,1833,,,,,,
,1834,,,,,,
,1835,,,,,,
,1836,,,,,,
,1837,,,,,,
,1838,,,,,,
,1839,,,,,,
,1840,,,,,,
,1841,,,,,,
,1842,,,,,,
,1843,,,,,,
,1844,,,,,,
,1845,,,,,,
,1846,,,,,,
,1847,,,,,,
,1848,,,,,,
,1849,,,,,,
,1850,,,,,,
,1851,,,,,,
,1852,,,,,,
,1853,,,,,,
,1854,,,,,,
,1855,,,,,,
,1857,,,,,,
,1859,,,,,,
,1860,,,,,,
,1861,,,,,,
,1862,,,,,,
,1865,,,,,,
,1868,,,,,,
,1869,,,,,,
,1870,,,,,,
,1871,,,,,,
,1873,,,,,,
,1874,,,,,,
,1875,,,,,,
,1876,,,,,,
,1877,,,,,,
,1878,,,,,,
,1879,,,,,,
,1880,,,,,,
,1881,,,,,,
,1882,,,,,,
,1883,,,,,,
,1884,,,,,,
,1885,,,,,,
,1887,,,,,,
,1888,,,,,,
,1893,,,,,,
,1894,,,,,,
,1895,,,,,,
,1896,,,,,,
,1897,,,,,,
,1898,,,,,,
,1899,,,,,,
,1900,,,,,,
,1901,,,,,,
,1902,,,,,,
,1903,,,,,,
,1904,,,,,,
,1905,,,,,,
,1906,,,,,,
,1907,,,,,,
,1908,,,,,,
,1909,,,,,,
,1910,,,,,,
,1911,,,,,,
,1912,,,,,,
,1913,,,,,,
,1914,,,,,,
,1915,,,,,,
,1916,,,,,,
,1917,,,,,,
,1918,,,,,,
,1921,,,,,,
,1922,,,,,,
,1931,,,,,,
,1932,,,,,,
,1933,,,,,,
,1934,,,,,,
,1935,,,,,,
,1936,,,,,,
,1937,,,,,,
,1938,,,,,,
,1939,,,,,,
,1940,,,,,,
,1941,,,,,,
,1942,,,,,,
,1943,,,,,,
,1944,,,,,,
,1961,,,,,,
,1962,,,,,,
,1963,,,,,,
,1964,,,,,,
,1965,,,,,,
,1966,,,,,,
,1967,,,,,,
,1968,,,,,,
,1969,,,,,,
,1970,,,,,,
,1971,,,,,,
,1972,,,,,,
,1973,,,,,,
,1974,,,,,,
,1977,,,,,,
,1978,,,,,,
,1979,,,,,,
,1981,,,,,,
,1982,,,,,,
,1984,,,,,,
,1985,,,,,,
,1986,,,,,,
,1987,,,,,,
,1988,,,,,,
,1989,,,,,,
,1990,,,,,,
,1991,,,,,,
,1992,,,,,,
,1993,,,,,,
,1994,,,,,,
,1995,,,,,,
,1996,,,,,,
,1997,,,,,,
,1998,,,,,,
,1999,,,,,,
,2000,,,,,,
,2001,,,,,,
,2002,,,,,,
,2003,,,,,,
,2004,,,,,,
,2005,,,,,,
,2006,,,,,,
,2007,,,,,,
,2008,,,,,,
,2009,,,,,,
,2010,,,,,,
,2011,,,,,,
,2012,,,,,,
,2013,,,,,,
,2014,,,,,,
,2015,,,,,,
,2016,,,,,,
,2017,,,,,,
,2018,,,,,,
,2019,,,,,,
,2020,,,,,,
,2021,,,,,,
,2022,,,,,,
,2023,,,,,,
,2024,,,,,,
,2025,,,,,,
,2026,,,,,,
,2027,,,,,,
,2028,,,,,,
,2029,,,,,,
,2030,,,,,,
,2031,,,,,,
,2032,,,,,,
,2033,,,,,,
,2034,,,,,,
,2035,,,,,,
,2036,,,,,,
,2037,,,,,,
,2038,,,,,,
,2039,,,,,,
,2040,,,,,,
,2041,,,,,,
,2042,,,,,,
,2043,,,,,,
,2044,,,,,,
,2045,,,,,,
,2046,,,,,,
,2047,,,,,,
,2048,,,,,,
,2049,,,,,,
,2050,,,,,,
,2051,,,,,,
,2052,,,,,,
,2053,,,,,,
,2054,,,,,,
,2055,,,,,,
,2056,,,,,,
,2057,,,,,,
,2058,,,,,,
,2059,,,,,,
,2060,,,,,,
,2061,,,,,,
,2062,,,,,,
,2063,,,,,,
,2064,,,,,,
,2065,,,,,,
,2066,,,,,,
,2067,,,,,,
,2068,,,,,,
,2069,,,,,,
,2070,,,,,,
,2071,,,,,,
,2072,,,,,,
,2073,,,,,,
,2074,,,,,,
,2075,,,,,,
,2076,,,,,,
,2077,,,,,,
,2078,,,,,,
,2079,,,,,,
,2080,,,,,,
,2081,,,,,,
,2082,,,,,,
,2083,,,,,,
,2084,,,,,,
,2085,,,,,,
,2086,,,,,,
,2087,,,,,,
,2088,,,,,,
,2089,,,,,,
,2090,,,,,,
,2091,,,,,,
,2092,,,,,,
,2093,,,,,,
,2094,,,,,,
,2095,,,,,,
,2096,,,,,,
,2097,,,,,,
,2098,,,,,,
,2099,,,,,,
,2100,,,,,,
,2101,,,,,,
,2102,,,,,,
,2103,,,,,,
,2104,,,,,,
,2105,,,,,,
,2106,,,,,,
,2107,,,,,,
,2108,,,,,,
,2109,,,,,,
,2110,,,,,,
,2111,,,,,,
,2112,,,,,,
,2113,,,,,,
,2114,,,,,,
,2115,,,,,,
,2116,,,,,,
,2117,,,,,,
,2118,,,,,,
,2119,,,,,,
,2123,,,,,,
,2124,,,,,,
,2125,,,,,,
,2126,,,,,,
,2127,,,,,,
,2128,,,,,,
,2129,,,,,,
,2130,,,,,,
,2131,,,,,,
,2132,,,,,,
,2133,,,,,,
,2134,,,,,,
,2135,,,,,,
,2136,,,,,,
,2137,,,,,,
,2138,,,,,,
,2139,,,,,,
,2140,,,,,,
,2141,,,,,,
,2142,,,,,,
,2143,,,,,,
,2144,,,,,,
,2145,,,,,,
,2146,,,,,,
,2147,,,,,,
,2148,,,,,,
,2149,,,,,,
,2150,,,,,,
,2151,,,,,,
,2152,,,,,,
,2153,,,,,,
,2154,,,,,,
,2155,,,,,,
,2156,,,,,,
,2157,,,,,,
,2158,,,,,,
,2159,,,,,,
,2160,,,,,,
,2161,,,,,,
,2162,,,,,,
,2163,,,,,,
,2164,,,,,,
,2165,,,,,,
,2166,,,,,,
,2167,,,,,,
,2168,,,,,,
,2169,,,,,,
,2170,,,,,,
,2171,,,,,,
,2172,,,,,,
,2173,,,,,,
,2174,,,,,,
,2175,,,,,,
,2176,,,,,,
,2177,,,,,,
,2178,,,,,,
,2179,,,,,,
,2180,,,,,,
,2181,,,,,,
,2182,,,,,,
,2183,,,,,,
,2184,,,,,,
,2185,,,,,,
,2186,,,,,,
,2187,,,,,,
,2188,,,,,,
,2189,,,,,,
,2190,,,,,,
,2191,,,,,,
,2192,,,,,,
,2193,,,,,,
,2194,,,,,,
,2195,,,,,,
,2196,,,,,,
,2197,,,,,,
,2198,,,,,,
,2199,,,,,,
,2200,,,,,,
,2201,,,,,,
,2202,,,,,,
,2203,,,,,,
,2204,,,,,,
,2205,,,,,,
,2206,,,,,,
,2207,,,,,,
,2208,,,,,,
,2209,,,,,,
,2210,,,,,,
,2211,,,,,,
,2212,,,,,,
,2213,,,,,,
,2214,,,,,,
,2215,,,,,,
,2216,,,,,,
,2217,,,,,,
,2218,,,,,,
,2219,,,,,,
,2220,,,,,,
,2221,,,,,,
,2222,,,,,,
,2223,,,,,,
,2224,,,,,,
,2225,,,,,,
,2226,,,,,,
,2227,,,,,,
,2228,,,,,,
,2229,,,,,,
,2230,,,,,,
,2231,,,,,,
,2232,,,,,,
,2233,,,,,,
,2234,,,,,,
,2235,,,,,,
,2236,,,,,,
,2237,,,,,,
,2238,,,,,,
,2239,,,,,,
,2240,,,,,,
,2241,,,,,,
,2242,,,,,,
,2243,,,,,,
,2244,,,,,,
,2245,,,,,,
,2246,,,,,,
,2247,,,,,,
,2248,,,,,,
,2249,,,,,,
,2250,,,,,,
,2251,,,,,,
,2252,,,,,,
,2253,,,,,,
,2254,,,,,,
,2255,,,,,,
,2257,,,,,,
,2258,,,,,,
,2259,,,,,,
,2260,,,,,,
,2261,,,,,,
,2262,,,,,,
,2263,,,,,,
,2264,,,,,,
,2265,,,,,,
,2266,,,,,,
,2267,,,,,,
,2268,,,,,,
,2269,,,,,,
,2270,,,,,,
,2271,,,,,,
,2272,,,,,,
,2273,,,,,,
,2274,,,,,,
,2275,,,,,,
,2276,,,,,,
,2277,,,,,,
,2278,,,,,,
,2279,,,,,,
,2280,,,,,,
,2281,,,,,,
,2282,,,,,,
,2283,,,,,,
,2284,,,,,,
,2285,,,,,,
,2286,,,,,,
,2287,,,,,,
,2288,,,,,,
,2289,,,,,,
,2290,,,,,,
,2291,,,,,,
,2292,,,,,,
,2293,,,,,,
,2294,,,,,,
,2295,,,,,,
,2296,,,,,,
,2297,,,,,,
,2298,,,,,,
,2299,,,,,,
,2300,,,,,,
,2301,,,,,,
,2302,,,,,,
,2303,,,,,,
,2304,,,,,,
,2305,,,,,,
,2306,,,,,,
,2307,,,,,,
,2308,,,,,,
,2309,,,,,,
,2310,,,,,,
,2311,,,,,,
,2312,,,,,,
,2313,,,,,,
,2314,,,,,,
,2315,,,,,,
,2316,,,,,,
,2317,,,,,,
,2318,,,,,,
,2319,,,,,,
,2320,,,,,,
,2321,,,,,,
,2322,,,,,,
,2323,,,,,,
,2324,,,,,,
,2325,,,,,,
,2326,,,,,,
,2327,,,,,,
,2328,,,,,,
,2330,,,,,,
,2331,,,,,,
,2332,,,,,,
,2333,,,,,,
,2335,,,,,,
,2336,,,,,,
,2337,,,,,,
,2338,,,,,,
,2339,,,,,,
,2340,,,,,,
,2341,,,,,,
,2342,,,,,,
,2343,,,,,,
,2344,,,,,,
,2345,,,,,,
,2346,,,,,,
,2347,,,,,,
,2348,,,,,,
,2349,,,,,,
,2350,,,,,,
,2351,,,,,,
,2352,,,,,,
,2353,,,,,,
,2354,,,,,,
,2355,,,,,,
,2356,,,,,,
,2357,,,,,,
,2358,,,,,,
,2359,,,,,,
,2360,,,,,,
,2361,,,,,,
,2362,,,,,,
,2363,,,,,,
,2364,,,,,,
,2365,,,,,,
,2366,,,,,,
,2367,,,,,,
,2368,,,,,,
,2369,,,,,,
,2370,,,,,,
,2371,,,,,,
,2372,,,,,,
,2373,,,,,,
,2374,,,,,,
,2375,,,,,,
,2376,,,,,,
,2377,,,,,,
,2378,,,,,,
,2379,,,,,,
,2380,,,,,,
,2381,,,,,,
,2382,,,,,,
,2383,,,,,,
,2384,,,,,,
,2385,,,,,,
,2386,,,,,,
,2387,,,,,,
,2388,,,,,,
,2389,,,,,,
,2390,,,,,,
,2391,,,,,,
,2392,,,,,,
,2393,,,,,,
,2394,,,,,,
,2395,,,,,,
,2396,,,,,,
,2397,,,,,,
,2398,,,,,,
,2399,,,,,,
,2400,,,,,,
,2401,,,,,,
,2402,,,,,,
,2403,,,,,,
,2404,,,,,,
,2405,,,,,,
,2406,,,,,,
,2407,,,,,,
,2408,,,,,,
,2409,,,,,,
,2410,,,,,,
,2411,,,,,,
,2412,,,,,,
,2413,,,,,,
,2414,,,,,,
,2415,,,,,,
,2416,,,,,,
,2417,,,,,,
,2418,,,,,,
,2419,,,,,,
,2420,,,,,,
,2421,,,,,,
,2422,,,,,,
,2423,,,,,,
,2424,,,,,,
,2425,,,,,,
,2426,,,,,,
,2427,,,,,,
,2428,,,,,,
,2429,,,,,,
,2430,,,,,,
,2431,,,,,,
,2432,,,,,,
,2433,,,,,,
,2434,,,,,,
,2435,,,,,,
,2436,,,,,,
,2437,,,,,,
,2438,,,,,,
,2439,,,,,,
,2440,,,,,,
,2441,,,,,,
,2442,,,,,,
,2443,,,,,,
,2444,,,,,,
,2445,,,,,,
,2447,,,,,,
,2448,,,,,,
,2449,,,,,,
,2450,,,,,,
,2451,,,,,,
,2452,,,,,,
,2453,,,,,,
,2454,,,,,,
,2455,,,,,,
,2456,,,,,,
,2457,,,,,,
,2458,,,,,,
,2459,,,,,,
,2460,,,,,,
,2461,,,,,,
,2462,,,,,,
,2463,,,,,,
,2464,,,,,,
,2465,,,,,,
,2466,,,,,,
,2467,,,,,,
,2468,,,,,,
,2469,,,,,,
,2470,,,,,,
,2471,,,,,,
,2472,,,,,,
,2473,,,,,,
,2474,,,,,,
,2475,,,,,,
,2476,,,,,,
,2477,,,,,,
,2478,,,,,,
,2479,,,,,,
,2480,,,,,,
,2481,,,,,,
,2482,,,,,,
,2483,,,,,,
,2484,,,,,,
,2485,,,,,,
,2486,,,,,,
,2487,,,,,,
,2490,,,,,,
,2491,,,,,,
,2492,,,,,,
,2493,,,,,,
,2494,,,,,,
,2495,,,,,,
,2496,,,,,,
,2497,,,,,,
,2498,,,,,,
,2499,,,,,,
,2500,,,,,,
,2501,,,,,,
,2502,,,,,,
,2505,,,,,,
,2506,,,,,,
,2507,,,,,,
,2508,,,,,,
,2509,,,,,,
,2510,,,,,,
,2511,,,,,,
,2512,,,,,,
,2513,,,,,,
,2514,,,,,,
,2515,,,,,,
,2516,,,,,,
,2517,,,,,,
,2518,,,,,,
,2519,,,,,,
,2521,,,,,,
,2522,,,,,,
,2523,,,,,,
,2524,,,,,,
,2525,,,,,,
,2526,,,,,,
,2527,,,,,,
,2528,,,,,,
,2529,,,,,,
,2530,,,,,,
,2531,,,,,,
,2532,,,,,,
,2533,,,,,,
,2534,,,,,,
,2535,,,,,,
,2536,,,,,,
,2537,,,,,,
,2538,,,,,,
,2539,,,,,,
,2540,,,,,,
,2543,,,,,,
,2544,,,,,,
,2545,,,,,,
,2546,,,,,,
,2547,,,,,,
,2548,,,,,,
,2549,,,,,,
,2550,,,,,,
,2551,,,,,,
,2552,,,,,,
,2553,,,,,,
,2554,,,,,,
,2555,,,,,,
,2556,,,,,,
,2557,,,,,,
,2558,,,,,,
,2559,,,,,,
,2560,,,,,,
,2561,,,,,,
,2562,,,,,,
,2563,,,,,,
,2564,,,,,,
,2565,,,,,,
,2566,,,,,,
,2567,,,,,,
,2568,,,,,,
,2569,,,,,,
,2571,,,,,,
,2572,,,,,,
,2573,,,,,,
,2574,,,,,,
,2575,,,,,,
,2576,,,,,,
,2577,,,,,,
,2578,,,,,,
,2579,,,,,,
,2580,,,,,,
,2581,,,,,,
,2582,,,,,,
,2583,,,,,,
,2584,,,,,,
,2585,,,,,,
,2586,,,,,,
,2587,,,,,,
,2588,,,,,,
,2589,,,,,,
,2590,,,,,,
,2591,,,,,,
,2592,,,,,,
,2593,,,,,,
,2594,,,,,,
,2596,,,,,,
,2597,,,,,,
,2598,,,,,,
,2599,,,,,,
,2600,,,,,,
,2601,,,,,,
,2602,,,,,,
,2603,,,,,,
,2604,,,,,,
,2605,,,,,,
,2607,,,,,,
,2608,,,,,,
,2610,,,,,,
,2611,,,,,,
,2612,,,,,,
,2613,,,,,,
,2614,,,,,,
,2615,,,,,,
,2616,,,,,,
,2617,,,,,,
,2618,,,,,,
,2619,,,,,,
,2620,,,,,,
,2621,,,,,,
,2622,,,,,,
,2623,,,,,,
,2624,,,,,,
,2625,,,,,,
,2626,,,,,,
,2627,,,,,,
,2628,,,,,,
,2629,,,,,,
,2632,,,,,,
,2633,,,,,,
,2635,,,,,,
,2636,,,,,,
,2637,,,,,,
,2638,,,,,,
,2639,,,,,,
,2640,,,,,,
,2641,,,,,,
,2642,,,,,,
,2643,,,,,,
,2644,,,,,,
,2645,,,,,,
,2650,,,,,,
,2651,,,,,,
,2652,,,,,,
,2653,,,,,,
,2654,,,,,,
,2655,,,,,,
,2656,,,,,,
,2657,,,,,,
,2658,,,,,,
,2659,,,,,,
,2660,,,,,,
,2661,,,,,,
,2662,,,,,,
,2663,,,,,,
,2664,,,,,,
,2665,,,,,,
,2666,,,,,,
,2667,,,,,,
,2668,,,,,,
,2669,,,,,,
,2670,,,,,,
,2676,,,,,,
,2683,,,,,,
,2685,,,,,,
,2687,,,,,,
,2689,,,,,,
,2690,,,,,,
,2692,,,,,,
,2694,,,,,,
,2696,,,,,,
,2698,,,,,,
,2700,,,,,,
,2702,,,,,,
,2704,,,,,,
,2705,,,,,,
,2706,,,,,,
,2707,,,,,,
,2708,,,,,,
,2712,,,,,,
,2713,,,,,,
,2786,,,,,,
,2787,,,,,,
,2788,,,,,,
,2789,,,,,,
,2790,,,,,,
,2791,,,,,,
,2792,,,,,,
,2797,,,,,,
,2798,,,,,,
,2828,,,,,,
,2835,,,,,,
,2837,,,,,,
,2838,,,,,,
,2841,,,,,,
,2842,,,,,,
,2843,,,,,,
,2844,,,,,,
,2845,,,,,,
,2846,,,,,,
,2847,,,,,,
,2848,,,,,,
,2849,,,,,,
,2850,,,,,,
,2851,,,,,,
,2852,,,,,,
,2853,,,,,,
,2854,,,,,,
,2855,,,,,,
,2856,,,,,,
,2857,,,,,,
,2858,,,,,,
,2859,,,,,,
,2860,,,,,,
,2861,,,,,,
,2862,,,,,,
,2863,,,,,,
,2864,,,,,,
,2865,,,,,,
,2866,,,,,,
,2867,,,,,,
,2868,,,,,,
,2869,,,,,,
,2871,,,,,,
,2873,,,,,,
,2874,,,,,,
,2875,,,,,,
,2876,,,,,,
,2877,,,,,,
,2878,,,,,,
,2879,,,,,,
,2880,,,,,,
,2881,,,,,,
,2882,,,,,,
,2883,,,,,,
,2884,,,,,,
,2885,,,,,,
,2888,,,,,,
,2889,,,,,,
,2892,,,,,,
,2893,,,,,,
,2894,,,,,,
,2895,,,,,,
,2896,,,,,,
,2898,,,,,,
,2899,,,,,,
,2900,,,,,,
,2902,,,,,,
,2903,,,,,,
,2904,,,,,,
,2905,,,,,,
,2906,,,,,,
,2907,,,,,,
,2908,,,,,,
,2909,,,,,,
,2910,,,,,,
,2911,,,,,,
,2912,,,,,,
,2914,,,,,,
,2915,,,,,,
,2916,,,,,,
,2918,,,,,,
,2919,,,,,,
,2920,,,,,,
,2921,,,,,,
,2922,,,,,,
,2924,,,,,,
,2925,,,,,,
,2926,,,,,,
,2928,,,,,,
,2929,,,,,,
,2930,,,,,,
,2931,,,,,,
,2932,,,,,,
,2933,,,,,,
,2934,,,,,,
,2935,,,,,,
,2936,,,,,,
,2937,,,,,,
,2938,,,,,,
,2939,,,,,,
,2940,,,,,,
,2941,,,,,,
,2942,,,,,,
,2943,,,,,,
,2948,,,,,,
,2949,,,,,,
,2951,,,,,,
,2952,,,,,,
,2953,,,,,,
,2954,,,,,,
,2955,,,,,,
,2956,,,,,,
,2957,,,,,,
,2958,,,,,,
,2959,,,,,,
,2960,,,,,,
,2961,,,,,,
,2962,,,,,,
,2963,,,,,,
,2964,,,,,,
,2965,,,,,,
,2966,,,,,,
,2967,,,,,,
,2968,,,,,,
,2969,,,,,,
,2970,,,,,,
,2971,,,,,,
,2972,,,,,,
,2973,,,,,,
,2974,,,,,,
,2975,,,,,,
,2976,,,,,,
,2977,,,,,,
,2978,,,,,,
,2979,,,,,,
,2980,,,,,,
,2981,,,,,,
,2982,,,,,,
,2983,,,,,,
,2984,,,,,,
,2985,,,,,,
,2986,,,,,,
,2987,,,,,,
,2988,,,,,,
,2989,,,,,,
,2990,,,,,,
,2991,,,,,,
,2992,,,,,,
,2993,,,,,,
,2994,,,,,,
,2995,,,,,,
,2996,,,,,,
,2997,,,,,,
,2998,,,,,,
,2999,,,,,,
,3000,,,,,,
,3001,,,,,,
,3002,,,,,,
,3003,,,,,,
,3004,,,,,,
,3005,,,,,,
,3006,,,,,,
,3007,,,,,,
,3008,,,,,,
,3009,,,,,,
,3010,,,,,,
,3011,,,,,,
,3012,,,,,,
,3013,,,,,,
,3014,,,,,,
,3015,,,,,,
,3016,,,,,,
,3017,,,,,,
,3018,,,,,,
,3019,,,,,,
,3020,,,,,,
,3021,,,,,,
,3022,,,,,,
,3023,,,,,,
,3024,,,,,,
,3025,,,,,,
,3026,,,,,,
,3027,,,,,,
,3028,,,,,,
,3029,,,,,,
,3030,,,,,,
,3031,,,,,,
,3032,,,,,,
,3033,,,,,,
,3034,,,,,,
,3035,,,,,,
,3036,,,,,,
,3037,,,,,,
,3038,,,,,,
,3039,,,,,,
,3040,,,,,,
,3041,,,,,,
,3042,,,,,,
,3043,,,,,,
,3044,,,,,,
,3045,,,,,,
,3046,,,,,,
,3047,,,,,,
,3048,,,,,,
,3049,,,,,,
,3050,,,,,,
,3051,,,,,,
,3052,,,,,,
,3053,,,,,,
,3054,,,,,,
,3055,,,,,,
,3056,,,,,,
,3057,,,,,,
,3058,,,,,,
,3059,,,,,,
,3060,,,,,,
,3061,,,,,,
,3062,,,,,,
,3063,,,,,,
,3064,,,,,,
,3065,,,,,,
,3066,,,,,,
,3067,,,,,,
,3068,,,,,,
,3069,,,,,,
,3070,,,,,,
,3071,,,,,,
,3072,,,,,,
,3073,,,,,,
,3074,,,,,,
,3075,,,,,,
,3076,,,,,,
,3077,,,,,,
,3078,,,,,,
,3079,,,,,,
,3080,,,,,,
,3081,,,,,,
,3082,,,,,,
,3083,,,,,,
,3084,,,,,,
,3085,,,,,,
,3086,,,,,,
,3087,,,,,,
,3088,,,,,,
,3089,,,,,,
,3090,,,,,,
,3091,,,,,,
,3092,,,,,,
,3093,,,,,,
,3094,,,,,,
,3095,,,,,,
,3096,,,,,,
,3097,,,,,,
,3098,,,,,,
,3099,,,,,,
,3100,,,,,,
,3101,,,,,,
,3102,,,,,,
,3103,,,,,,
,3104,,,,,,
,3105,,,,,,
,3106,,,,,,
,3107,,,,,,
,3108,,,,,,
,3109,,,,,,
,3110,,,,,,
,3111,,,,,,
,3112,,,,,,
,3113,,,,,,
,3114,,,,,,
,3115,,,,,,
,3116,,,,,,
,3117,,,,,,
,3118,,,,,,
,3119,,,,,,
,3120,,,,,,
,3121,,,,,,
,3122,,,,,,
,3123,,,,,,
,3124,,,,,,
,3125,,,,,,
,3126,,,,,,
,3127,,,,,,
,3128,,,,,,
,3129,,,,,,
,3130,,,,,,
,3131,,,,,,
,3132,,,,,,
,3133,,,,,,
,3134,,,,,,
,3135,,,,,,
,3136,,,,,,
,3137,,,,,,
,3138,,,,,,
,3139,,,,,,
,3140,,,,,,
,3141,,,,,,
,3142,,,,,,
,3143,,,,,,
,3144,,,,,,
,3145,,,,,,
,3146,,,,,,
,3147,,,,,,
,3148,,,,,,
,3149,,,,,,
,3150,,,,,,
,3151,,,,,,
,3152,,,,,,
,3153,,,,,,
,3154,,,,,,
,3155,,,,,,
,3156,,,,,,
,3157,,,,,,
,3158,,,,,,
,3159,,,,,,
,3160,,,,,,
,3161,,,,,,
,3162,,,,,,
,3163,,,,,,
,3164,,,,,,
,3165,,,,,,
,3166,,,,,,
,3167,,,,,,
,3168,,,,,,
,3169,,,,,,
,3170,,,,,,
,3171,,,,,,
,3172,,,,,,
,3173,,,,,,
,3174,,,,,,
,3175,,,,,,
,3176,,,,,,
,3177,,,,,,
,3178,,,,,,
,3179,,,,,,
,3180,,,,,,
,3181,,,,,,
,3182,,,,,,
,3183,,,,,,
,3184,,,,,,
,3185,,,,,,
,3186,,,,,,
,3187,,,,,,
,3188,,,,,,
,3189,,,,,,
,3190,,,,,,
,3191,,,,,,
,3192,,,,,,
,3193,,,,,,
,3194,,,,,,
,3195,,,,,,
,3196,,,,,,
,3197,,,,,,
,3198,,,,,,
,3199,,,,,,
,3200,,,,,,
,3201,,,,,,
,3202,,,,,,
,3203,,,,,,
,3204,,,,,,
,3205,,,,,,
,3206,,,,,,
,3207,,,,,,
,3208,,,,,,
,3209,,,,,,
,3210,,,,,,
,3211,,,,,,
,3212,,,,,,
,3213,,,,,,
,3214,,,,,,
,3215,,,,,,
,3216,,,,,,
,3217,,,,,,
,3218,,,,,,
,3219,,,,,,
,3220,,,,,,
,3221,,,,,,
,3222,,,,,,
,3223,,,,,,
,3224,,,,,,
,3225,,,,,,
,3226,,,,,,
,3227,,,,,,
,3228,,,,,,
,3230,,,,,,
,3231,,,,,,
,3232,,,,,,
,3233,,,,,,
,3234,,,,,,
,3235,,,,,,
,3237,,,,,,
,3238,,,,,,
,3239,,,,,,
,3240,,,,,,
,3241,,,,,,
,3242,,,,,,
,3243,,,,,,
,3244,,,,,,
,3245,,,,,,
,3246,,,,,,
,3247,,,,,,
,3248,,,,,,
,3249,,,,,,
,3250,,,,,,
,3251,,,,,,
,3252,,,,,,
,3253,,,,,,
,3254,,,,,,
,3255,,,,,,
,3256,,,,,,
,3257,,,,,,
,3258,,,,,,
,3259,,,,,,
,3260,,,,,,
,3261,,,,,,
,3264,,,,,,
,3265,,,,,,
,3266,,,,,,
,3267,,,,,,
,3268,,,,,,
,3269,,,,,,
,3270,,,,,,
,3271,,,,,,
,3272,,,,,,
,3273,,,,,,
,3274,,,,,,
,3275,,,,,,
,3276,,,,,,
,3277,,,,,,
,3278,,,,,,
,3279,,,,,,
,3280,,,,,,
,3281,,,,,,
,3282,,,,,,
,3283,,,,,,
,3284,,,,,,
,3285,,,,,,
,3286,,,,,,
,3287,,,,,,
,3288,,,,,,
,3289,,,,,,
,3290,,,,,,
,3291,,,,,,
,3292,,,,,,
,3293,,,,,,
,3294,,,,,,
,3295,,,,,,
,3296,,,,,,
,3297,,,,,,
,3298,,,,,,
,3299,,,,,,
,3300,,,,,,
,3301,,,,,,
,3302,,,,,,
,3303,,,,,,
,3304,,,,,,
,3305,,,,,,
,3306,,,,,,
,3307,,,,,,
,3308,,,,,,
,3309,,,,,,
,3310,,,,,,
,3311,,,,,,
,3312,,,,,,
,3313,,,,,,
,3314,,,,,,
,3315,,,,,,
,3316,,,,,,
,3317,,,,,,
,3318,,,,,,
,3319,,,,,,
,3320,,,,,,
,3321,,,,,,
,3322,,,,,,
,3323,,,,,,
,3324,,,,,,
,3325,,,,,,
,3326,,,,,,
,3327,,,,,,
,3328,,,,,,
,3329,,,,,,
,3330,,,,,,
,3331,,,,,,
,3332,,,,,,
,3333,,,,,,
,3334,,,,,,
,3335,,,,,,
,3336,,,,,,
,3337,,,,,,
,3338,,,,,,
,3339,,,,,,
,3340,,,,,,
,3341,,,,,,
,3342,,,,,,
,3343,,,,,,
,3344,,,,,,
,3345,,,,,,
,3347,,,,,,
,3348,,,,,,
,3349,,,,,,
,3350,,,,,,
,3351,,,,,,
,3352,,,,,,
,3353,,,,,,
,3354,,,,,,
,3355,,,,,,
,3356,,,,,,
,3357,,,,,,
,3358,,,,,,
,3359,,,,,,
,3360,,,,,,
,3361,,,,,,
,3362,,,,,,
,3363,,,,,,
,3364,,,,,,
,3365,,,,,,
,3366,,,,,,
,3367,,,,,,
,3368,,,,,,
,3369,,,,,,
,3370,,,,,,
,3371,,,,,,
,3372,,,,,,
,3373,,,,,,
,3374,,,,,,
,3375,,,,,,
,3376,,,,,,
,3377,,,,,,
,3378,,,,,,
,3379,,,,,,
,3380,,,,,,
,3381,,,,,,
,3382,,,,,,
,3383,,,,,,
,3384,,,,,,
,3385,,,,,,
,3386,,,,,,
,3387,,,,,,
,3388,,,,,,
,3389,,,,,,
,3390,,,,,,
,3391,,,,,,
,3392,,,,,,
,3393,,,,,,
,3394,,,,,,
,3395,,,,,,
,3396,,,,,,
,3397,,,,,,
,3398,,,,,,
,3399,,,,,,
,3400,,,,,,
,3401,,,,,,
,3403,,,,,,
,3404,,,,,,
,3407,,,,,,
,3408,,,,,,
,3409,,,,,,
,3410,,,,,,
,3411,,,,,,
,3412,,,,,,
,3413,,,,,,
,3414,,,,,,
,3415,,,,,,
,3416,,,,,,
,3418,,,,,,
,3422,,,,,,
,3423,,,,,,
,3424,,,,,,
,3425,,,,,,
,3428,,,,,,
,3429,,,,,,
,3432,,,,,,
,3433,,,,,,
,3445,,,,,,
,3446,,,,,,
,3451,,,,,,
,3452,,,,,,
,3458,,,,,,
,3460,,,,,,
,3478,,,,,,
,3479,,,,,,
,3480,,,,,,
,3481,,,,,,
,3482,,,,,,
,3483,,,,,,
,3484,,,,,,
,3485,,,,,,
,3486,,,,,,
,3487,,,,,,
,3488,,,,,,
,3489,,,,,,
,3490,,,,,,
,3491,,,,,,
,3492,,,,,,
,3493,,,,,,
,3494,,,,,,
,3495,,,,,,
,3496,,,,,,
,3497,,,,,,
,3498,,,,,,
,3499,,,,,,
,3500,,,,,,
,3501,,,,,,
,3502,,,,,,
,3503,,,,,,
,3504,,,,,,
,3505,,,,,,
,3506,,,,,,
,3507,,,,,,
,3508,,,,,,
,3509,,,,,,
,3510,,,,,,
,3511,,,,,,
,3512,,,,,,
,3513,,,,,,
,3514,,,,,,
,3515,,,,,,
,3516,,,,,,
,3517,,,,,,
,3518,,,,,,
,3519,,,,,,
,3520,,,,,,
,3521,,,,,,
,3522,,,,,,
,3523,,,,,,
,3524,,,,,,
,3525,,,,,,
,3526,,,,,,
,3527,,,,,,
,3528,,,,,,
,3529,,,,,,
,3530,,,,,,
,3531,,,,,,
,3532,,,,,,
,3533,,,,,,
,3534,,,,,,
,3535,,,,,,
,3536,,,,,,
,3537,,,,,,
,3538,,,,,,
,3539,,,,,,
,3540,,,,,,
,3541,,,,,,
,3542,,,,,,
,3543,,,,,,
,3544,,,,,,
,3545,,,,,,
,3546,,,,,,
,3547,,,,,,
,3548,,,,,,
,3549,,,,,,
,3550,,,,,,
,3551,,,,,,
,3552,,,,,,
,3553,,,,,,
,3554,,,,,,
,3555,,,,,,
,3556,,,,,,
,3557,,,,,,
,3558,,,,,,
,3559,,,,,,
,3560,,,,,,
,3561,,,,,,
,3562,,,,,,
,3563,,,,,,
,3564,,,,,,
,3565,,,,,,
,3566,,,,,,
,3567,,,,,,
,3568,,,,,,
,3569,,,,,,
,3570,,,,,,
,3571,,,,,,
,3572,,,,,,
,3573,,,,,,
,3574,,,,,,
,3575,,,,,,
,3576,,,,,,
,3577,,,,,,
,3578,,,,,,
,3579,,,,,,
,3580,,,,,,
,3581,,,,,,
,3582,,,,,,
,3583,,,,,,
,3584,,,,,,
,3585,,,,,,
,3586,,,,,,
,3587,,,,,,
,3588,,,,,,
,3589,,,,,,
,3590,,,,,,
,3591,,,,,,
,3592,,,,,,
,3593,,,,,,
,3594,,,,,,
,3595,,,,,,
,3596,,,,,,
,3597,,,,,,
,3598,,,,,,
,3599,,,,,,
,3600,,,,,,
,3601,,,,,,
,3602,,,,,,
,3603,,,,,,
,3604,,,,,,
,3605,,,,,,
,3606,,,,,,
,3607,,,,,,
,3608,,,,,,
,3609,,,,,,
,3610,,,,,,
,3611,,,,,,
,3612,,,,,,
,3613,,,,,,
,3614,,,,,,
,3615,,,,,,
,3616,,,,,,
,3617,,,,,,
,3618,,,,,,
,3619,,,,,,
,3620,,,,,,
,3621,,,,,,
,3622,,,,,,
,3623,,,,,,
,3624,,,,,,
,3625,,,,,,
,3626,,,,,,
,3627,,,,,,
,3628,,,,,,
,3629,,,,,,
,3630,,,,,,
,3631,,,,,,
,3632,,,,,,
,3633,,,,,,
,3634,,,,,,
,3635,,,,,,
,3636,,,,,,
,3637,,,,,,
,3638,,,,,,
,3639,,,,,,
,3640,,,,,,
,3641,,,,,,
,3642,,,,,,
,3643,,,,,,
,3645,,,,,,
,3647,,,,,,
,3648,,,,,,
,3649,,,,,,
,3650,,,,,,
,3651,,,,,,
,3652,,,,,,
,3653,,,,,,
,3654,,,,,,
,3655,,,,,,
,3656,,,,,,
,3657,,,,,,
,3658,,,,,,
,3659,,,,,,
,3660,,,,,,
,3661,,,,,,
,3662,,,,,,
,3663,,,,,,
,3664,,,,,,
,3665,,,,,,
,3666,,,,,,
,3667,,,,,,
,3671,,,,,,
,3672,,,,,,
,3673,,,,,,
,3675,,,,,,
,3676,,,,,,
,3677,,,,,,
,3679,,,,,,
,3681,,,,,,
,3682,,,,,,
,3683,,,,,,
,3684,,,,,,
,3685,,,,,,
,3686,,,,,,
,3688,,,,,,
,3690,,,,,,
,3691,,,,,,
,3693,,,,,,
,3695,,,,,,
,3696,,,,,,
,3697,,,,,,
,3700,,,,,,
,3702,,,,,,
,3703,,,,,,
,3708,,,,,,
,3709,,,,,,
,3710,,,,,,
,3711,,,,,,
,3712,,,,,,
,3714,,,,,,
,3715,,,,,,
,3725,,,,,,
,3726,,,,,,
,3731,,,,,,
,3732,,,,,,
,3733,,,,,,
,3735,,,,,,
,3737,,,,,,
,3738,,,,,,
,3739,,,,,,
,3740,,,,,,
,3742,,,,,,
,3743,,,,,,
,3744,,,,,,
,3745,,,,,,
,3746,,,,,,
,3748,,,,,,
,3750,,,,,,
,3753,,,,,,
,3754,,,,,,
,3755,,,,,,
,3757,,,,,,
,3759,,,,,,
,3760,,,,,,
,3761,,,,,,
,3762,,,,,,
,3763,,,,,,
,3764,,,,,,
,3765,,,,,,
,3767,,,,,,
,3769,,,,,,
,3771,,,,,,
,3773,,,,,,
,3774,,,,,,
,3776,,,,,,
,3777,,,,,,
,3778,,,,,,
,3784,,,,,,
,3785,,,,,,
,3786,,,,,,
,3787,,,,,,
,3788,,,,,,
,3790,,,,,,
,3792,,,,,,
,3793,,,,,,
,3794,,,,,,
,3795,,,,,,
,3797,,,,,,
,3799,,,,,,
,3800,,,,,,
,3801,,,,,,
,3803,,,,,,
,3804,,,,,,
,3805,,,,,,
,3807,,,,,,
,3808,,,,,,
,3809,,,,,,
,3810,,,,,,
,3811,,,,,,
,3812,,,,,,
,3813,,,,,,
,3814,,,,,,
,3816,,,,,,
,3818,,,,,,
,3819,,,,,,
,3820,,,,,,
,3821,,,,,,
,3822,,,,,,
,3823,,,,,,
,3824,,,,,,
,3825,,,,,,
,3826,,,,,,
,3827,,,,,,
,3828,,,,,,
,3829,,,,,,
,3830,,,,,,
,3831,,,,,,
,3832,,,,,,
,3833,,,,,,
,3835,,,,,,
,3837,,,,,,
,3838,,,,,,
,3839,,,,,,
,3840,,,,,,
,3842,,,,,,
,3843,,,,,,
,3844,,,,,,
,3845,,,,,,
,3846,,,,,,
,3849,,,,,,
,3850,,,,,,
,3851,,,,,,
,3853,,,,,,
,3854,,,,,,
,3855,,,,,,
,3856,,,,,,
,3857,,,,,,
,3858,,,,,,
,3859,,,,,,
,3860,,,,,,
,3861,,,,,,
,3862,,,,,,
,3863,,,,,,
,3864,,,,,,
,3865,,,,,,
,3866,,,,,,
,3867,,,,,,
,3868,,,,,,
,3869,,,,,,
,3870,,,,,,
,3871,,,,,,
,3872,,,,,,
,3873,,,,,,
,3874,,,,,,
,3875,,,,,,
,3876,,,,,,
,3877,,,,,,
,3878,,,,,,
,3879,,,,,,
,3880,,,,,,
,3882,,,,,,
,3883,,,,,,
,3884,,,,,,
,3885,,,,,,
,3886,,,,,,
,3887,,,,,,
,3888,,,,,,
,3889,,,,,,
,3890,,,,,,
,3891,,,,,,
,3892,,,,,,
,3893,,,,,,
,3895,,,,,,
,3896,,,,,,
,3897,,,,,,
,3898,,,,,,
,3900,,,,,,
,3901,,,,,,
,3902,,,,,,
,3903,,,,,,
,3904,,,,,,
,3905,,,,,,
,3906,,,,,,
,3907,,,,,,
,3908,,,,,,
,3909,,,,,,
,3910,,,,,,
,3911,,,,,,
,3912,,,,,,
,3913,,,,,,
,3914,,,,,,
,3915,,,,,,
,3916,,,,,,
,3917,,,,,,
,3919,,,,,,
,3920,,,,,,
,3921,,,,,,
,3923,,,,,,
,3924,,,,,,
,3925,,,,,,
,3926,,,,,,
,3930,,,,,,
,3931,,,,,,
,3933,,,,,,
,3935,,,,,,
,3936,,,,,,
,3937,,,,,,
,3939,,,,,,
,3941,,,,,,
,3942,,,,,,
,3943,,,,,,
,3944,,,,,,
,3945,,,,,,
,3947,,,,,,
,3948,,,,,,
,3950,,,,,,
,3951,,,,,,
,3952,,,,,,
,3954,,,,,,
,3955,,,,,,
,3957,,,,,,
,3958,,,,,,
,3959,,,,,,
,3960,,,,,,
,3961,,,,,,
,3962,,,,,,
,3963,,,,,,
,3964,,,,,,
,3968,,,,,,
,3970,,,,,,
,3971,,,,,,
,3972,,,,,,
,3973,,,,,,
,3974,,,,,,
,3975,,,,,,
,3979,,,,,,
,3980,,,,,,
,3981,,,,,,
,3982,,,,,,
,3983,,,,,,
,3984,,,,,,
,3985,,,,,,
,3986,,,,,,
,3987,,,,,,
,3988,,,,,,
,3989,,,,,,
,3990,,,,,,
,3991,,,,,,
,3994,,,,,,
,3995,,,,,,
,3996,,,,,,
,3997,,,,,,
,3998,,,,,,
,4000,,,,,,
,4001,,,,,,
,4002,,,,,,
,4003,,,,,,
,4004,,,,,,
,4005,,,,,,
,4006,,,,,,
,4007,,,,,,
,4008,,,,,,
,4009,,,,,,
,4010,,,,,,
,4015,,,,,,
,4016,,,,,,
,4017,,,,,,
,4018,,,,,,
,4020,,,,,,
,4022,,,,,,
,4028,,,,,,
,4031,,,,,,
,4032,,,,,,
,4033,,,,,,
,4034,,,,,,
,4035,,,,,,
,4036,,,,,,
,4037,,,,,,
,4038,,,,,,
,4039,,,,,,
,4040,,,,,,
,4041,,,,,,
,4042,,,,,,
,4043,,,,,,
,4044,,,,,,
,4045,,,,,,
,4046,,,,,,
,4047,,,,,,
,4048,,,,,,
,4049,,,,,,
,4051,,,,,,
,4052,,,,,,
,4053,,,,,,
,4054,,,,,,
,4055,,,,,,
,4056,,,,,,
,4057,,,,,,
,4058,,,,,,
,4059,,,,,,
,4060,,,,,,
,4061,,,,,,
,4063,,,,,,
,4065,,,,,,
,4066,,,,,,
,4067,,,,,,
,4068,,,,,,
,4069,,,,,,
,4070,,,,,,
,4071,,,,,,
,4072,,,,,,
,4073,,,,,,
,4075,,,,,,
,4076,,,,,,
,4077,,,,,,
,4078,,,,,,
,4079,,,,,,
,4080,,,,,,
,4081,,,,,,
,4082,,,,,,
,4083,,,,,,
,4085,,,,,,
,4086,,,,,,
,4087,,,,,,
,4088,,,,,,
,4089,,,,,,
,4091,,,,,,
,4092,,,,,,
,4093,,,,,,
,4094,,,,,,
,4095,,,,,,
,4096,,,,,,
,4097,,,,,,
,4108,,,,,,
,4110,,,,,,
,4111,,,,,,
,4112,,,,,,
,4113,,,,,,
,4114,,,,,,
,4115,,,,,,
,4116,,,,,,
,4117,,,,,,
,4118,,,,,,
,4119,,,,,,
,4120,,,,,,
,4123,,,,,,
,4124,,,,,,
,4125,,,,,,
,4126,,,,,,
,4127,,,,,,
,4128,,,,,,
,4129,,,,,,
,4130,,,,,,
,4132,,,,,,
,4133,,,,,,
,4134,,,,,,
,4135,,,,,,
,4136,,,,,,
,4137,,,,,,
,4138,,,,,,
,4139,,,,,,
,4140,,,,,,
,4141,,,,,,
,4142,,,,,,
,4143,,,,,,
,4145,,,,,,
,4146,,,,,,
,4147,,,,,,
,4148,,,,,,
,4149,,,,,,
,4151,,,,,,
,4152,,,,,,
,4153,,,,,,
,4154,,,,,,
,4155,,,,,,
,4156,,,,,,
,4157,,,,,,
,4158,,,,,,
,4159,,,,,,
,4161,,,,,,
,4163,,,,,,
,4164,,,,,,
,4165,,,,,,
,4166,,,,,,
,4167,,,,,,
,4168,,,,,,
,4169,,,,,,
,4171,,,,,,
,4172,,,,,,
,4173,,,,,,
,4174,,,,,,
,4175,,,,,,
,4176,,,,,,
,4177,,,,,,
,4178,,,,,,
,4179,,,,,,
,4180,,,,,,
,4181,,,,,,
,4182,,,,,,
,4183,,,,,,
,4184,,,,,,
,4185,,,,,,
,4186,,,,,,
,4187,,,,,,
,4188,,,,,,
,4189,,,,,,
,4190,,,,,,
,4191,,,,,,
,4192,,,,,,
,4193,,,,,,
,4194,,,,,,
,4195,,,,,,
,4196,,,,,,
,4197,,,,,,
,4198,,,,,,
,4199,,,,,,
,4201,,,,,,
,4202,,,,,,
,4203,,,,,,
,4204,,,,,,
,4205,,,,,,
,4206,,,,,,
,4207,,,,,,
,4208,,,,,,
,4209,,,,,,
,4210,,,,,,
,4211,,,,,,
,4212,,,,,,
,4213,,,,,,
,4214,,,,,,
,4215,,,,,,
,4217,,,,,,
,4218,,,,,,
,4219,,,,,,
,4220,,,,,,
,4221,,,,,,
,4222,,,,,,
,4223,,,,,,
,4224,,,,,,
,4227,,,,,,
,4228,,,,,,
,4229,,,,,,
,4230,,,,,,
,4232,,,,,,
,4233,,,,,,
,4234,,,,,,
,4237,,,,,,
,4238,,,,,,
,4241,,,,,,
,4242,,,,,,
,4243,,,,,,
,4244,,,,,,
,4245,,,,,,
,4247,,,,,,
,4248,,,,,,
,4249,,,,,,
,4251,,,,,,
,4252,,,,,,
,4254,,,,,,
,4255,,,,,,
,4257,,,,,,
,4258,,,,,,
,4259,,,,,,
,4260,,,,,,
,4261,,,,,,
,4262,,,,,,
,4264,,,,,,
,4265,,,,,,
,4266,,,,,,
,4267,,,,,,
,4268,,,,,,
,4270,,,,,,
,4271,,,,,,
,4272,,,,,,
,4273,,,,,,
,4274,,,,,,
,4275,,,,,,
,4276,,,,,,
,4278,,,,,,
,4279,,,,,,
,4280,,,,,,
,4281,,,,,,
,4282,,,,,,
,4283,,,,,,
,4284,,,,,,
,4285,,,,,,
,4286,,,,,,
,4287,,,,,,
,4288,,,,,,
,4289,,,,,,
,4290,,,,,,
,4291,,,,,,
,4292,,,,,,
,4293,,,,,,
,4294,,,,,,
,4295,,,,,,
,4296,,,,,,
,4297,,,,,,
,4298,,,,,,
,4299,,,,,,
,4300,,,,,,
,4301,,,,,,
,4303,,,,,,
,4304,,,,,,
,4305,,,,,,
,4306,,,,,,
,4307,,,,,,
,4308,,,,,,
,4309,,,,,,
,4310,,,,,,
,4311,,,,,,
,4312,,,,,,
,4313,,,,,,
,4314,,,,,,
,4315,,,,,,
,4316,,,,,,
,4317,,,,,,
,4318,,,,,,
,4319,,,,,,
,4320,,,,,,
,4321,,,,,,
,4322,,,,,,
,4323,,,,,,
,4324,,,,,,
,4325,,,,,,
,4326,,,,,,
,4327,,,,,,
,4328,,,,,,
,4329,,,,,,
,4330,,,,,,
,4331,,,,,,
,4332,,,,,,
,4333,,,,,,
,4334,,,,,,
,4335,,,,,,
,4336,,,,,,
,4337,,,,,,
,4340,,,,,,
,4350,,,,,,
,4351,,,,,,
,4352,,,,,,
,4354,,,,,,
,4358,,,,,,
,4359,,,,,,
,4360,,,,,,
,4361,,,,,,
,4362,,,,,,
,4363,,,,,,
,4364,,,,,,
,4365,,,,,,
,4366,,,,,,
,4367,,,,,,
,4369,,,,,,
,4371,,,,,,
,4372,,,,,,
,4373,,,,,,
,4374,,,,,,
,4375,,,,,,
,4376,,,,,,
,4377,,,,,,
,4378,,,,,,
,4379,,,,,,
,4380,,,,,,
,4381,,,,,,
,4382,,,,,,
,4383,,,,,,
,4386,,,,,,
,4387,,,,,,
,4388,,,,,,
,4389,,,,,,
,4390,,,,,,
,4391,,,,,,
,4392,,,,,,
,4393,,,,,,
,4394,,,,,,
,4396,,,,,,
,4397,,,,,,
,4398,,,,,,
,4400,,,,,,
,4401,,,,,,
,4402,,,,,,
,4403,,,,,,
,4405,,,,,,
,4407,,,,,,
,4409,,,,,,
,4410,,,,,,
,4411,,,,,,
,4412,,,,,,
,4413,,,,,,
,4414,,,,,,
,4415,,,,,,
,4416,,,,,,
,4417,,,,,,
,4418,,,,,,
,4419,,,,,,
,4420,,,,,,
,4421,,,,,,
,4422,,,,,,
,4423,,,,,,
,4424,,,,,,
,4425,,,,,,
,4426,,,,,,
,4427,,,,,,
,4428,,,,,,
,4429,,,,,,
,4430,,,,,,
,4431,,,,,,
,4432,,,,,,
,4433,,,,,,
,4434,,,,,,
,4435,,,,,,
,4436,,,,,,
,4437,,,,,,
,4438,,,,,,
,4439,,,,,,
,4440,,,,,,
,4441,,,,,,
,4442,,,,,,
,4443,,,,,,
,4444,,,,,,
,4445,,,,,,
,4446,,,,,,
,4447,,,,,,
,4448,,,,,,
,4449,,,,,,
,4450,,,,,,
,4451,,,,,,
,4452,,,,,,
,4453,,,,,,
,4454,,,,,,
,4455,,,,,,
,4456,,,,,,
,4457,,,,,,
,4458,,,,,,
,4459,,,,,,
,4460,,,,,,
,4461,,,,,,
,4462,,,,,,
,4463,,,,,,
,4464,,,,,,
,4465,,,,,,
,4466,,,,,,
,4467,,,,,,
,4468,,,,,,
,4469,,,,,,
,4470,,,,,,
,4471,,,,,,
,4472,,,,,,
,4473,,,,,,
,4474,,,,,,
,4475,,,,,,
,4476,,,,,,
,4477,,,,,,
,4478,,,,,,
,4479,,,,,,
,4480,,,,,,
,4481,,,,,,
,4482,,,,,,
,4483,,,,,,
,4484,,,,,,
,4485,,,,,,
,4486,,,,,,
,4487,,,,,,
,4488,,,,,,
,4489,,,,,,
,4490,,,,,,
,4491,,,,,,
,4492,,,,,,
,4493,,,,,,
,4494,,,,,,
,4495,,,,,,
,4496,,,,,,
,4497,,,,,,
,4498,,,,,,
,4499,,,,,,
,4500,,,,,,
,4501,,,,,,
,4502,,,,,,
,4503,,,,,,
,4504,,,,,,
,4505,,,,,,
,4506,,,,,,
,4507,,,,,,
,4508,,,,,,
,4509,,,,,,
,4510,,,,,,
,4511,,,,,,
,4512,,,,,,
,4513,,,,,,
,4514,,,,,,
,4515,,,,,,
,4516,,,,,,
,4517,,,,,,
,4518,,,,,,
,4519,,,,,,
,4520,,,,,,
,4521,,,,,,
,4522,,,,,,
,4523,,,,,,
,4524,,,,,,
,4525,,,,,,
,4526,,,,,,
,4527,,,,,,
,4528,,,,,,
,4529,,,,,,
,4530,,,,,,
,4532,,,,,,
,4533,,,,,,
,4534,,,,,,
,4535,,,,,,
,4536,,,,,,
,4537,,,,,,
,4538,,,,,,
,4539,,,,,,
,4541,,,,,,
,4542,,,,,,
,4543,,,,,,
,4544,,,,,,
,4548,,,,,,
,4549,,,,,,
,4550,,,,,,
,4551,,,,,,
,4552,,,,,,
,4553,,,,,,
,4554,,,,,,
,4556,,,,,,
,4557,,,,,,
,4558,,,,,,
,4559,,,,,,
,4561,,,,,,
,4562,,,,,,
,4563,,,,,,
,4564,,,,,,
,4565,,,,,,
,4571,,,,,,
,4572,,,,,,
,4575,,,,,,
,4576,,,,,,
,4577,,,,,,
,4579,,,,,,
,4580,,,,,,
,4581,,,,,,
,4582,,,,,,
,4583,,,,,,
,4584,,,,,,
,4585,,,,,,
,4586,,,,,,
,4587,,,,,,
,4588,,,,,,
,4589,,,,,,
,4590,,,,,,
,4591,,,,,,
,4592,,,,,,
,4593,,,,,,
,4594,,,,,,
,4595,,,,,,
,4596,,,,,,
,4597,,,,,,
,4598,,,,,,
,4599,,,,,,
,4600,,,,,,
,4601,,,,,,
,4602,,,,,,
,4603,,,,,,
,4604,,,,,,
,4605,,,,,,
,4607,,,,,,
,4609,,,,,,
,4610,,,,,,
,4611,,,,,,
,4612,,,,,,
,4613,,,,,,
,4614,,,,,,
,4615,,,,,,
,4616,,,,,,
,4617,,,,,,
,4618,,,,,,
,4619,,,,,,
,4620,,,,,,
,4621,,,,,,
,4622,,,,,,
,4623,,,,,,
,4624,,,,,,
,4626,,,,,,
,4627,,,,,,
,4628,,,,,,
,4629,,,,,,
,4631,,,,,,
,4632,,,,,,
,4633,,,,,,
,4634,,,,,,
,4635,,,,,,
,4636,,,,,,
,4637,,,,,,
,4638,,,,,,
,4639,,,,,,
,4641,,,,,,
,4642,,,,,,
,4643,,,,,,
,4644,,,,,,
,4645,,,,,,
,4646,,,,,,
,4647,,,,,,
,4648,,,,,,
,4649,,,,,,
,4650,,,,,,
,4651,,,,,,
,4652,,,,,,
,4653,,,,,,
,4654,,,,,,
,4655,,,,,,
,4656,,,,,,
,4657,,,,,,
,4658,,,,,,
,4659,,,,,,
,4660,,,,,,
,4661,,,,,,
,4662,,,,,,
,4663,,,,,,
,4664,,,,,,
,4665,,,,,,
,4666,,,,,,
,4669,,,,,,
,4711,,,,,,
,4721,,,,,,
,4722,,,,,,
,4723,,,,,,
,4724,,,,,,
,4725,,,,,,
,4726,,,,,,
,4727,,,,,,
,4728,,,,,,
,4729,,,,,,
,4730,,,,,,
,4731,,,,,,
,4733,,,,,,
,4734,,,,,,
,4735,,,,,,
,4736,,,,,,
,4745,,,,,,
,4746,,,,,,
,4757,,,,,,
,4758,,,,,,
,4776,,,,,,
,4777,,,,,,
,4778,,,,,,
,4779,,,,,,
,4780,,,,,,
,4781,,,,,,
,4782,,,,,,
,4783,,,,,,
,4784,,,,,,
,4785,,,,,,
,4786,,,,,,
,4791,,,,,,
,4792,,,,,,
,4794,,,,,,
,4795,,,,,,
,4797,,,,,,
,4800,,,,,,
,4809,,,,,,
,4810,,,,,,
,4811,,,,,,
,4812,,,,,,
,4813,,,,,,
,4814,,,,,,
,4815,,,,,,
,4816,,,,,,
,4817,,,,,,
,4818,,,,,,
,4819,,,,,,
,4820,,,,,,
,4821,,,,,,
,4823,,,,,,
,4828,,,,,,
,4829,,,,,,
,4830,,,,,,
,4831,,,,,,
,4832,,,,,,
,4833,,,,,,
,4839,,,,,,
,4840,,,,,,
,4841,,,,,,
,4843,,,,,,
,4845,,,,,,
,4846,,,,,,
,4847,,,,,,
,4848,,,,,,
,4849,,,,,,
,4850,,,,,,
,4851,,,,,,
,4853,,,,,,
,4854,,,,,,
,4855,,,,,,
,4856,,,,,,
,4857,,,,,,
,4858,,,,,,
,4859,,,,,,
,4860,,,,,,
,4861,,,,,,
,4862,,,,,,
,4863,,,,,,
,4864,,,,,,
,4865,,,,,,
,4866,,,,,,
,4867,,,,,,
,4868,,,,,,
,4869,,,,,,
,4870,,,,,,
,4871,,,,,,
,4872,,,,,,
,4873,,,,,,
,4874,,,,,,
,4875,,,,,,
,4878,,,,,,
,4879,,,,,,
,4880,,,,,,
,4881,,,,,,
,4882,,,,,,
,4883,,,,,,
,4884,,,,,,
,4885,,,,,,
,4886,,,,,,
,4887,,,,,,
,4888,,,,,,
,4890,,,,,,
,4891,,,,,,
,4903,,,,,,
,4904,,,,,,
,4905,,,,,,
,4906,,,,,,
,4908,,,,,,
,4909,,,,,,
,4910,,,,,,
,4911,,,,,,
,4912,,,,,,
,4913,,,,,,
,4914,,,,,,
,4915,,,,,,
,4917,,,,,,
,4919,,,,,,
,4925,,,,,,
,4931,,,,,,
,4933,,,,,,
,4935,,,,,,
,4936,,,,,,
,4939,,,,,,
,4940,,,,,,
,4941,,,,,,
,4942,,,,,,
,4951,,,,,,
,4954,,,,,,
,4962,,,,,,
,4963,,,,,,
,4964,,,,,,
,4965,,,,,,
,4970,,,,,,
,4973,,,,,,
,4974,,,,,,
,4975,,,,,,
,4976,,,,,,
,4979,,,,,,
,4980,,,,,,
,4981,,,,,,
,4983,,,,,,
,4985,,,,,,
,4986,,,,,,
,4988,,,,,,
,4989,,,,,,
,4990,,,,,,
,4991,,,,,,
,4993,,,,,,
,4994,,,,,,
,4995,,,,,,
,4996,,,,,,
,4997,,,,,,
,4998,,,,,,
,5001,,,,,,
,5002,,,,,,
,5009,,,,,,
,5010,,,,,,
,5011,,,,,,
,5067,,,,,,
,5069,,,,,,
,5081,,,,,,
,5082,,,,,,
,5084,,,,,,
,5088,,,,,,
,5112,,,,,,
,5113,,,,,,
,5114,,,,,,
,5124,,,,,,
,5132,,,,,,
,5133,,,,,,
,5134,,,,,,
,5135,,,,,,
,5136,,,,,,
,5137,,,,,,
,5139,,,,,,
,5143,,,,,,
,5144,,,,,,
,5145,,,,,,
,5148,,,,,,
,5153,,,,,,
,5155,,,,,,
,5158,,,,,,
,5161,,,,,,
,5168,,,,,,
,5173,,,,,,
,5174,,,,,,
,5175,,,,,,
,5176,,,,,,
,5178,,,,,,
,5179,,,,,,
,5180,,,,,,
,5181,,,,,,
,5182,,,,,,
,5184,,,,,,
,5185,,,,,,
,5186,,,,,,
,5187,,,,,,
,5188,,,,,,
,5189,,,,,,
,5193,,,,,,
,5195,,,,,,
,5196,,,,,,
,5199,,,,,,
,5203,,,,,,
,5204,,,,,,
,5205,,,,,,
,5206,,,,,,
,5207,,,,,,
,5208,,,,,,
,5209,,,,,,
,5211,,,,,,
,5212,,,,,,
,5213,,,,,,
,5214,,,,,,
,5215,,,,,,
,5216,,,,,,
,5217,,,,,,
,5218,,,,,,
,5219,,,,,,
,5220,,,,,,
,5221,,,,,,
,5222,,,,,,
,5223,,,,,,
,5224,,,,,,
,5225,,,,,,
,5226,,,,,,
,5227,,,,,,
,5228,,,,,,
,5229,,,,,,
,5230,,,,,,
,5231,,,,,,
,5232,,,,,,
,5240,,,,,,
,5241,,,,,,
,5253,,,,,,
,5254,,,,,,
,5255,,,,,,
,5256,,,,,,
,5257,,,,,,
,5258,,,,,,
,5260,,,,,,
,5261,,,,,,
,5263,,,,,,
,5266,,,,,,
,5267,,,,,,
,5268,,,,,,
,5269,,,,,,
,5270,,,,,,
,5273,,,,,,
,5275,,,,,,
,5276,,,,,,
,5277,,,,,,
,5278,,,,,,
,5279,,,,,,
,5282,,,,,,
,5283,,,,,,
,5284,,,,,,
,5285,,,,,,
,5286,,,,,,
,5287,,,,,,
,5288,,,,,,
,5290,,,,,,
,5291,,,,,,
,5292,,,,,,
,5293,,,,,,
,5294,,,,,,
,5295,,,,,,
,5296,,,,,,
,5297,,,,,,
,5299,,,,,,
,5300,,,,,,
,5305,,,,,,
,5306,,,,,,
,5307,,,,,,
,5308,,,,,,
,5309,,,,,,
,5310,,,,,,
,5316,,,,,,
,5327,,,,,,
,5328,,,,,,
,5329,,,,,,
,5330,,,,,,
,5331,,,,,,
,5332,,,,,,
,5333,,,,,,
,5334,,,,,,
,5335,,,,,,
,5336,,,,,,
,5337,,,,,,
,5338,,,,,,
,5339,,,,,,
,5340,,,,,,
,5341,,,,,,
,5347,,,,,,
,5348,,,,,,
,5350,,,,,,
,5351,,,,,,
,5352,,,,,,
,5353,,,,,,
,5354,,,,,,
,5355,,,,,,
,5356,,,,,,
,5357,,,,,,
,5358,,,,,,
,5361,,,,,,
,5362,,,,,,
,5363,,,,,,
,5364,,,,,,
,5368,,,,,,
,5369,,,,,,
,5370,,,,,,
,5371,,,,,,
,5373,,,,,,
,5376,,,,,,
,5377,,,,,,
,5378,,,,,,
,5379,,,,,,
,5381,,,,,,
,5384,,,,,,
,5389,,,,,,
,5390,,,,,,
,5391,,,,,,
,5392,,,,,,
,5393,,,,,,
,5394,,,,,,
,5395,,,,,,
,5396,,,,,,
,5397,,,,,,
,5398,,,,,,
,5399,,,,,,
,5400,,,,,,
,5401,,,,,,
,5402,,,,,,
,5403,,,,,,
,5404,,,,,,
,5405,,,,,,
,5406,,,,,,
,5407,,,,,,
,5408,,,,,,
,5409,,,,,,
,5410,,,,,,
,5411,,,,,,
,5412,,,,,,
,5413,,,,,,
,5414,,,,,,
,5415,,,,,,
,5416,,,,,,
,5417,,,,,,
,5419,,,,,,
,5422,,,,,,
,5423,,,,,,
,5424,,,,,,
,5426,,,,,,
,5427,,,,,,
,5428,,,,,,
,5429,,,,,,
,5430,,,,,,
,5431,,,,,,
,5433,,,,,,
,5434,,,,,,
,5435,,,,,,
,5437,,,,,,
,5438,,,,,,
,5439,,,,,,
,5441,,,,,,
,5442,,,,,,
,5444,,,,,,
,5449,,,,,,
,5450,,,,,,
,5451,,,,,,
,5452,,,,,,
,5453,,,,,,
,5454,,,,,,
,5455,,,,,,
,5456,,,,,,
,5457,,,,,,
,5458,,,,,,
,5459,,,,,,
,5462,,,,,,
,5463,,,,,,
,5464,,,,,,
,5465,,,,,,
,5466,,,,,,
,5467,,,,,,
,5469,,,,,,
,5470,,,,,,
,5471,,,,,,
,5472,,,,,,
,5473,,,,,,
,5474,,,,,,
,5475,,,,,,
,5476,,,,,,
,5478,,,,,,
,5480,,,,,,
,5483,,,,,,
,5485,,,,,,
,5486,,,,,,
,5487,,,,,,
,5489,,,,,,
,5490,,,,,,
,5491,,,,,,
,5492,,,,,,
,5493,,,,,,
,5495,,,,,,
,5496,,,,,,
,5497,,,,,,
,5498,,,,,,
,5499,,,,,,
,5501,,,,,,
,5507,,,,,,
,5508,,,,,,
,5509,,,,,,
,5510,,,,,,
,5511,,,,,,
,5512,,,,,,
,5515,,,,,,
,5516,,,,,,
,5517,,,,,,
,5518,,,,,,
,5520,,,,,,
,5521,,,,,,
,5522,,,,,,
,5523,,,,,,
,5524,,,,,,
,5525,,,,,,
,5526,,,,,,
,5527,,,,,,
,5528,,,,,,
,5529,,,,,,
,5530,,,,,,
,5531,,,,,,
,5533,,,,,,
,5534,,,,,,
,5535,,,,,,
,5536,,,,,,
,5537,,,,,,
,5538,,,,,,
,5539,,,,,,
,5540,,,,,,
,5541,,,,,,
,5543,,,,,,
,5544,,,,,,
,5545,,,,,,
,5546,,,,,,
,5547,,,,,,
,5548,,,,,,
,5549,,,,,,
,5550,,,,,,
,5551,,,,,,
,5552,,,,,,
,5553,,,,,,
,5554,,,,,,
,5555,,,,,,
,5556,,,,,,
,5557,,,,,,
,5558,,,,,,
,5560,,,,,,
,5561,,,,,,
,5562,,,,,,
,5563,,,,,,
,5565,,,,,,
,5566,,,,,,
,5567,,,,,,
,5568,,,,,,
,5569,,,,,,
,5570,,,,,,
,5571,,,,,,
,5572,,,,,,
,5573,,,,,,
,5574,,,,,,
,5575,,,,,,
,5577,,,,,,
,5578,,,,,,
,5579,,,,,,
,5580,,,,,,
,5582,,,,,,
,5583,,,,,,
,5584,,,,,,
,5585,,,,,,
,5586,,,,,,
,5587,,,,,,
,5588,,,,,,
,5589,,,,,,
,5591,,,,,,
,5592,,,,,,
,5593,,,,,,
,5595,,,,,,
,5597,,,,,,
,5598,,,,,,
,5599,,,,,,
,5600,,,,,,
,5601,,,,,,
,5602,,,,,,
,5603,,,,,,
,5604,,,,,,
,5605,,,,,,
,5606,,,,,,
,5607,,,,,,
,5608,,,,,,
,5609,,,,,,
,5610,,,,,,
,5611,,,,,,
,5612,,,,,,
,5613,,,,,,
,5614,,,,,,
,5615,,,,,,
,5616,,,,,,
,5617,,,,,,
,5618,,,,,,
,5619,,,,,,
,5620,,,,,,
,5622,,,,,,
,5623,,,,,,
,5624,,,,,,
,5625,,,,,,
,5626,,,,,,
,5627,,,,,,
,5628,,,,,,
,5629,,,,,,
,5630,,,,,,
,5631,,,,,,
,5632,,,,,,
,5633,,,,,,
,5634,,,,,,
,5635,,,,,,
,5638,,,,,,
,5639,,,,,,
,5640,,,,,,
,5641,,,,,,
,5642,,,,,,
,5643,,,,,,
,5644,,,,,,
,5645,,,,,,
,5646,,,,,,
,5647,,,,,,
,5648,,,,,,
,5649,,,,,,
,5650,,,,,,
,5651,,,,,,
,5652,,,,,,
,5653,,,,,,
,5654,,,,,,
,5655,,,,,,
,5656,,,,,,
,5657,,,,,,
,5658,,,,,,
,5659,,,,,,
,5660,,,,,,
,5661,,,,,,
,5662,,,,,,
,5663,,,,,,
,5664,,,,,,
,5665,,,,,,
,5666,,,,,,
,5667,,,,,,
,5669,,,,,,
,5674,,,,,,
,5675,,,,,,
,5677,,,,,,
,5678,,,,,,
,5679,,,,,,
,5680,,,,,,
,5681,,,,,,
,5682,,,,,,
,5683,,,,,,
,5684,,,,,,
,5685,,,,,,
,5687,,,,,,
,5689,,,,,,
,5691,,,,,,
,5692,,,,,,
,5693,,,,,,
,5694,,,,,,
,5696,,,,,,
,5698,,,,,,
,5699,,,,,,
,5702,,,,,,
,5705,,,,,,
,5706,,,,,,
,5707,,,,,,
,5708,,,,,,
,5709,,,,,,
,5710,,,,,,
,5714,,,,,,
,5715,,,,,,
,5716,,,,,,
,5717,,,,,,
,5718,,,,,,
,5719,,,,,,
,5720,,,,,,
,5721,,,,,,
,5722,,,,,,
,5723,,,,,,
,5724,,,,,,
,5725,,,,,,
,5726,,,,,,
,5727,,,,,,
,5728,,,,,,
,5729,,,,,,
,5730,,,,,,
,5731,,,,,,
,5732,,,,,,
,5733,,,,,,
,5734,,,,,,
,5735,,,,,,
,5736,,,,,,
,5737,,,,,,
,5738,,,,,,
,5739,,,,,,
,5740,,,,,,
,5741,,,,,,
,5742,,,,,,
,5743,,,,,,
,5745,,,,,,
,5747,,,,,,
,5748,,,,,,
,5749,,,,,,
,5750,,,,,,
,5751,,,,,,
,5752,,,,,,
,5753,,,,,,
,5754,,,,,,
,5755,,,,,,
,5758,,,,,,
,5759,,,,,,
,5760,,,,,,
,5761,,,,,,
,5762,,,,,,
,5763,,,,,,
,5764,,,,,,
,5765,,,,,,
,5766,,,,,,
,5767,,,,,,
,5768,,,,,,
,5769,,,,,,
,5770,,,,,,
,5771,,,,,,
,5772,,,,,,
,5773,,,,,,
,5774,,,,,,
,5775,,,,,,
,5776,,,,,,
,5777,,,,,,
,5778,,,,,,
,5779,,,,,,
,5780,,,,,,
,5781,,,,,,
,5782,,,,,,
,5783,,,,,,
,5784,,,,,,
,5785,,,,,,
,5786,,,,,,
,5787,,,,,,
,5788,,,,,,
,5789,,,,,,
,5790,,,,,,
,5791,,,,,,
,5792,,,,,,
,5793,,,,,,
,5794,,,,,,
,5795,,,,,,
,5796,,,,,,
,5797,,,,,,
,5798,,,,,,
,5799,,,,,,
,5800,,,,,,
,5801,,,,,,
,5802,,,,,,
,5803,,,,,,
,5804,,,,,,
,5805,,,,,,
,5806,,,,,,
,5807,,,,,,
,5808,,,,,,
,5809,,,,,,
,5810,,,,,,
,5811,,,,,,
,5812,,,,,,
,5813,,,,,,
,5814,,,,,,
,5815,,,,,,
,5816,,,,,,
,5817,,,,,,
,5818,,,,,,
,5819,,,,,,
,5820,,,,,,
,5821,,,,,,
,5822,,,,,,
,5823,,,,,,
,5824,,,,,,
,5825,,,,,,
,5826,,,,,,
,5827,,,,,,
,5828,,,,,,
,5829,,,,,,
,5830,,,,,,
,5831,,,,,,
,5832,,,,,,
,5833,,,,,,
,5834,,,,,,
,5835,,,,,,
,5836,,,,,,
,5837,,,,,,
,5838,,,,,,
,5839,,,,,,
,5840,,,,,,
,5841,,,,,,
,5842,,,,,,
,5843,,,,,,
,5844,,,,,,
,5845,,,,,,
,5846,,,,,,
,5847,,,,,,
,5848,,,,,,
,5849,,,,,,
,5850,,,,,,
,5851,,,,,,
,5852,,,,,,
,5853,,,,,,
,5854,,,,,,
,5855,,,,,,
,5856,,,,,,
,5857,,,,,,
,5858,,,,,,
,5859,,,,,,
,5860,,,,,,
,5861,,,,,,
,5862,,,,,,
,5863,,,,,,
,5864,,,,,,
,5866,,,,,,
,5867,,,,,,
,5868,,,,,,
,5869,,,,,,
,5870,,,,,,
,5871,,,,,,
,5872,,,,,,
,5873,,,,,,
,5874,,,,,,
,5875,,,,,,
,5876,,,,,,
,5877,,,,,,
,5879,,,,,,
,5881,,,,,,
,5882,,,,,,
,5883,,,,,,
,5884,,,,,,
,5885,,,,,,
,5886,,,,,,
,5887,,,,,,
,5888,,,,,,
,5889,,,,,,
,5890,,,,,,
,5891,,,,,,
,5892,,,,,,
,5893,,,,,,
,5894,,,,,,
,5895,,,,,,
,5896,,,,,,
,5897,,,,,,
,5898,,,,,,
,5899,,,,,,
,5900,,,,,,
,5901,,,,,,
,5902,,,,,,
,5903,,,,,,
,5904,,,,,,
,5905,,,,,,
,5906,,,,,,
,5907,,,,,,
,5908,,,,,,
,5909,,,,,,
,5910,,,,,,
,5911,,,,,,
,5912,,,,,,
,5913,,,,,,
,5914,,,,,,
,5915,,,,,,
,5916,,,,,,
,5917,,,,,,
,5918,,,,,,
,5919,,,,,,
,5920,,,,,,
,5921,,,,,,
,5922,,,,,,
,5923,,,,,,
,5924,,,,,,
,5925,,,,,,
,5926,,,,,,
,5927,,,,,,
,5928,,,,,,
,5929,,,,,,
,5930,,,,,,
,5931,,,,,,
,5932,,,,,,
,5933,,,,,,
,5934,,,,,,
,5935,,,,,,
,5936,,,,,,
,5937,,,,,,
,5938,,,,,,
,5939,,,,,,
,5940,,,,,,
,5943,,,,,,
,5944,,,,,,
,5945,,,,,,
,5946,,,,,,
,5948,,,,,,
,5949,,,,,,
,5950,,,,,,
,5952,,,,,,
,5955,,,,,,
,5956,,,,,,
,5957,,,,,,
,5958,,,,,,
,5959,,,,,,
,5960,,,,,,
,5961,,,,,,
,5962,,,,,,
,5963,,,,,,
,5965,,,,,,
,5966,,,,,,
,5967,,,,,,
,5968,,,,,,
,5969,,,,,,
,5970,,,,,,
,5971,,,,,,
,5972,,,,,,
,5973,,,,,,
,5974,,,,,,
,5975,,,,,,
,5977,,,,,,
,5978,,,,,,
,5979,,,,,,
,5980,,,,,,
,5981,,,,,,
,5982,,,,,,
,5983,,,,,,
,5984,,,,,,
,5989,,,,,,
,5990,,,,,,
,5991,,,,,,
,5993,,,,,,
,5994,,,,,,
,5996,,,,,,
,5997,,,,,,
,5999,,,,,,
,6000,,,,,,
,6002,,,,,,
,6018,,,,,,
,6019,,,,,,
,6020,,,,,,
,6022,,,,,,
,6023,,,,,,
,6025,,,,,,
,6026,,,,,,
,6028,,,,,,
,6029,,,,,,
,6031,,,,,,
,6032,,,,,,
,6033,,,,,,
,6034,,,,,,
,6035,,,,,,
,6036,,,,,,
,6037,,,,,,
,6038,,,,,,
,6039,,,,,,
,6040,,,,,,
,6041,,,,,,
,6042,,,,,,
,6043,,,,,,
,6044,,,,,,
,6045,,,,,,
,6046,,,,,,
,6048,,,,,,
,6049,,,,,,
,6050,,,,,,
,6061,,,,,,
,6062,,,,,,
,6064,,,,,,
,6065,,,,,,
,6066,,,,,,
,6068,,,,,,
,6069,,,,,,
,6071,,,,,,
,6078,,,,,,
,6079,,,,,,
,6081,,,,,,
,6082,,,,,,
,6089,,,,,,
,6090,,,,,,
,6091,,,,,,
,6092,,,,,,
,6093,,,,,,
,6094,,,,,,
,6095,,,,,,
,6098,,,,,,
,6102,,,,,,
,6105,,,,,,
,6107,,,,,,
,6108,,,,,,
,6109,,,,,,
,6110,,,,,,
,6111,,,,,,
,6112,,,,,,
,6114,,,,,,
,6115,,,,,,
,6117,,,,,,
,6118,,,,,,
,6119,,,,,,
,6120,,,,,,
,6121,,,,,,
,6122,,,,,,
,6123,,,,,,
,6125,,,,,,
,6126,,,,,,
,6128,,,,,,
,6129,,,,,,
,6131,,,,,,
,6132,,,,,,
,6134,,,,,,
,6137,,,,,,
,6140,,,,,,
,6142,,,,,,
,6143,,,,,,
,6144,,,,,,
,6145,,,,,,
,6146,,,,,,
,6147,,,,,,
,6149,,,,,,
,6150,,,,,,
,6152,,,,,,
,6156,,,,,,
,6159,,,,,,
,6160,,,,,,
,6161,,,,,,
,6162,,,,,,
,6169,,,,,,
,6172,,,,,,
,6175,,,,,,
,6176,,,,,,
,6177,,,,,,
,6178,,,,,,
,6179,,,,,,
,6180,,,,,,
,6181,,,,,,
,6182,,,,,,
,6183,,,,,,
,6184,,,,,,
,6185,,,,,,
,6186,,,,,,
,6187,,,,,,
,6188,,,,,,
,6189,,,,,,
,6190,,,,,,
,6191,,,,,,
,6192,,,,,,
,6193,,,,,,
,6194,,,,,,
,6195,,,,,,
,6196,,,,,,
,6197,,,,,,
,6199,,,,,,
,6203,,,,,,
,6204,,,,,,
,6205,,,,,,
,6206,,,,,,
,6207,,,,,,
,6208,,,,,,
,6209,,,,,,
,6210,,,,,,
,6211,,,,,,
,6212,,,,,,
,6213,,,,,,
,6214,,,,,,
,6215,,,,,,
,6216,,,,,,
,6217,,,,,,
,6218,,,,,,
,6219,,,,,,
,6220,,,,,,
,6221,,,,,,
,6222,,,,,,
,6223,,,,,,
,6224,,,,,,
,6225,,,,,,
,6226,,,,,,
,6227,,,,,,
,6228,,,,,,
,6229,,,,,,
,6230,,,,,,
,6231,,,,,,
,6232,,,,,,
,6233,,,,,,
,6234,,,,,,
,6235,,,,,,
,6236,,,,,,
,6237,,,,,,
,6238,,,,,,
,6239,,,,,,
,6240,,,,,,
,6242,,,,,,
,6243,,,,,,
,6244,,,,,,
,6245,,,,,,
,6246,,,,,,
,6247,,,,,,
,6248,,,,,,
,6249,,,,,,
,6250,,,,,,
,6251,,,,,,
,6252,,,,,,
,6253,,,,,,
,6254,,,,,,
,6255,,,,,,
,6256,,,,,,
,6257,,,,,,
,6258,,,,,,
,6259,,,,,,
,6260,,,,,,
,6261,,,,,,
,6262,,,,,,
,6263,,,,,,
,6264,,,,,,
,6265,,,,,,
,6266,,,,,,
,6267,,,,,,
,6268,,,,,,
,6275,,,,,,
,6276,,,,,,
,6278,,,,,,
,6279,,,,,,
,6280,,,,,,
,6281,,,,,,
,6282,,,,,,
,6283,,,,,,
,6284,,,,,,
,6285,,,,,,
,6286,,,,,,
,6287,,,,,,
,6288,,,,,,
,6289,,,,,,
,6291,,,,,,
,6292,,,,,,
,6298,,,,,,
,501097,,,,,,
,501098,,,,,,
,501502,,,,,,
,501505,,,,,,
,501506,,,,,,
,501507,,,,,,
,501508,,,,,,
,501509,,,,,,
,501510,,,,,,
,501513,,,,,,
,501514,,,,,,
,501515,,,,,,
,501516,,,,,,
,501517,,,,,,
,501518,,,,,,
,501519,,,,,,
,501520,,,,,,
,501521,,,,,,
,501522,,,,,,
,501523,,,,,,
,501524,,,,,,
,501525,,,,,,
,501526,,,,,,
,501527,,,,,,
,501528,,,,,,
,501529,,,,,,
,501530,,,,,,
,501531,,,,,,
,501532,,,,,,
,501533,,,,,,
,501534,,,,,,
,501535,,,,,,
,501536,,,,,,
,501537,,,,,,
,501538,,,,,,
,501539,,,,,,
,501540,,,,,,
,501541,,,,,,
,501542,,,,,,
,501543,,,,,,
,501544,,,,,,
,501545,,,,,,
,501546,,,,,,
,501547,,,,,,
,501548,,,,,,
,501549,,,,,,
,501551,,,,,,
,501552,,,,,,
,501553,,,,,,
,501574,,,,,,
,501575,,,,,,
,501576,,,,,,
,501577,,,,,,
,501578,,,,,,
,501579,,,,,,
,501580,,,,,,
,501581,,,,,,
,501582,,,,,,
,501583,,,,,,
,501584,,,,,,
,501585,,,,,,
,501586,,,,,,
,501587,,,,,,
,501588,,,,,,
,501589,,,,,,
,501590,,,,,,
,501591,,,,,,
,501592,,,,,,
,501593,,,,,,
,501594,,,,,,
,501595,,,,,,
,501596,,,,,,
,501597,,,,,,
,501599,,,,,,
,501600,,,,,,
,501601,,,,,,
,501602,,,,,,
,501603,,,,,,
,501604,,,,,,
,501605,,,,,,
,501606,,,,,,
,501607,,,,,,
,501608,,,,,,
,501609,,,,,,
,501610,,,,,,
,501611,,,,,,
,501612,,,,,,
,501613,,,,,,
,501614,,,,,,
,501615,,,,,,
,501616,,,,,,
,501617,,,,,,
,501618,,,,,,
,501619,,,,,,
,501620,,,,,,
,501621,,,,,,
,501622,,,,,,
,501623,,,,,,
,501624,,,,,,
,501625,,,,,,
,501626,,,,,,
,501627,,,,,,
,501628,,,,,,
,501629,,,,,,
,501630,,,,,,
,501632,,,,,,
,501633,,,,,,
,501634,,,,,,
,501635,,,,,,
,501636,,,,,,
,501637,,,,,,
,501638,,,,,,
,501639,,,,,,
,501640,,,,,,
,501641,,,,,,
,501642,,,,,,
,501643,,,,,,
,501644,,,,,,
,501645,,,,,,
,501646,,,,,,
,501647,,,,,,
,501648,,,,,,
,501649,,,,,,
,501650,,,,,,
,501651,,,,,,
,501652,,,,,,
,501653,,,,,,
,501654,,,,,,
,501655,,,,,,
,501656,,,,,,
,501657,,,,,,
,501658,,,,,,
,501660,,,,,,
,501661,,,,,,
,501662,,,,,,
,501663,,,,,,
,501664,,,,,,
,501665,,,,,,
,501666,,,,,,
,501667,,,,,,
,501668,,,,,,
,501669,,,,,,
,501670,,,,,,
,501671,,,,,,
,501672,,,,,,
,501673,,,,,,
,501674,,,,,,
,501675,,,,,,
,501676,,,,,,
,501677,,,,,,
,501678,,,,,,
,501679,,,,,,
,501680,,,,,,
,501681,,,,,,
,501682,,,,,,
,501683,,,,,,
,501684,,,,,,
,501685,,,,,,
,501686,,,,,,
,501687,,,,,,
,501688,,,,,,
,501689,,,,,,
,501690,,,,,,
,501691,,,,,,
,501692,,,,,,
,501693,,,,,,
,501694,,,,,,
,501695,,,,,,
,501696,,,,,,
,501697,,,,,,
,501698,,,,,,
,501699,,,,,,
,501700,,,,,,
,501701,,,,,,
,501702,,,,,,
,501703,,,,,,
,501704,,,,,,
,501705,,,,,,
,501706,,,,,,
,501707,,,,,,
,501708,,,,,,
,501709,,,,,,
,501730,,,,,,
,501731,,,,,,
,501732,,,,,,
,501733,,,,,,
,501734,,,,,,
,501735,,,,,,
,501736,,,,,,
,501737,,,,,,
,501738,,,,,,
,501739,,,,,,
,501740,,,,,,
,501741,,,,,,
,501742,,,,,,
,501743,,,,,,
,501744,,,,,,
,501745,,,,,,
,501746,,,,,,
,501747,,,,,,
,501748,,,,,,
,501749,,,,,,
,501750,,,,,,
,501751,,,,,,
,501752,,,,,,
,501754,,,,,,
,501755,,,,,,
,501756,,,,,,
,501758,,,,,,
,501759,,,,,,
,501760,,,,,,
,501761,,,,,,
,501763,,,,,,
,501764,,,,,,
,501765,,,,,,
,501766,,,,,,
,501767,,,,,,
,501768,,,,,,
,501771,,,,,,
,501772,,,,,,
,501773,,,,,,
,501774,,,,,,
,501775,,,,,,
,501776,,,,,,
,501777,,,,,,
,501778,,,,,,
,501779,,,,,,
,501780,,,,,,
,501781,,,,,,
,501782,,,,,,
,501783,,,,,,
,501784,,,,,,
,501785,,,,,,
,501786,,,,,,
,501787,,,,,,
,501788,,,,,,
,501789,,,,,,
,501790,,,,,,
,501791,,,,,,
,501792,,,,,,
,501793,,,,,,
,501794,,,,,,
,501795,,,,,,
,501796,,,,,,
,501797,,,,,,
,501798,,,,,,
,501799,,,,,,
,501800,,,,,,
,501801,,,,,,
,501802,,,,,,
,501803,,,,,,
,501805,,,,,,
,501806,,,,,,
,501807,,,,,,
,501808,,,,,,
,501809,,,,,,
,501810,,,,,,
,501811,,,,,,
,501812,,,,,,
,501813,,,,,,
,501814,,,,,,
,501815,,,,,,
,501816,,,,,,
,501817,,,,,,
,501818,,,,,,
,501819,,,,,,
,501820,,,,,,
,501821,,,,,,
,501822,,,,,,
,501823,,,,,,
,501824,,,,,,
,501825,,,,,,
,501826,,,,,,
,501827,,,,,,
,501828,,,,,,
,501829,,,,,,
,501830,,,,,,
,501831,,,,,,
,501832,,,,,,
,501833,,,,,,
,501834,,,,,,
,501835,,,,,,
,501836,,,,,,
,501837,,,,,,
,501838,,,,,,
,501839,,,,,,
,501840,,,,,,
,501841,,,,,,
,501842,,,,,,
,501843,,,,,,
,501844,,,,,,
,501845,,,,,,
,501846,,,,,,
,501847,,,,,,
,501848,,,,,,
,501849,,,,,,
,501850,,,,,,
,501851,,,,,,
,501852,,,,,,
,501853,,,,,,
,501854,,,,,,
,501855,,,,,,
,501857,,,,,,
,501858,,,,,,
,501859,,,,,,
,501861,,,,,,
,501862,,,,,,
,501863,,,,,,
,501864,,,,,,
,501865,,,,,,
,501866,,,,,,
,501868,,,,,,
,501869,,,,,,
,501870,,,,,,
,501871,,,,,,
,501872,,,,,,
,501873,,,,,,
,501874,,,,,,
,501875,,,,,,
,501876,,,,,,
,501877,,,,,,
,501878,,,,,,
,501879,,,,,,
,501882,,,,,,
,501883,,,,,,
,501884,,,,,,
,501885,,,,,,
,501886,,,,,,
,501887,,,,,,
,501888,,,,,,
,501889,,,,,,
,501890,,,,,,
,501891,,,,,,
,501892,,,,,,
,501893,,,,,,
,501894,,,,,,
,501895,,,,,,
,501896,,,,,,
,501897,,,,,,
,501898,,,,,,
,501899,,,,,,
,501900,,,,,,
,501901,,,,,,
,501902,,,,,,
,501903,,,,,,
,501904,,,,,,
,501905,,,,,,
,501906,,,,,,
,501908,,,,,,
,501909,,,,,,
,501910,,,,,,
,501911,,,,,,
,501912,,,,,,
,501913,,,,,,
,501914,,,,,,
,501915,,,,,,
,501916,,,,,,
,501917,,,,,,
,501918,,,,,,
,501922,,,,,,
,501923,,,,,,
,501924,,,,,,
,501925,,,,,,
,501926,,,,,,
,501929,,,,,,
,501930,,,,,,
,501931,,,,,,
,501932,,,,,,
,501933,,,,,,
,501934,,,,,,
,501935,,,,,,
,501936,,,,,,
,501942,,,,,,
,501943,,,,,,
,501944,,,,,,
,501945,,,,,,
,501946,,,,,,
,501947,,,,,,
,501948,,,,,,
,501949,,,,,,
,501950,,,,,,
,501951,,,,,,
,501952,,,,,,
,501954,,,,,,
,501956,,,,,,
,501958,,,,,,
,501959,,,,,,
,501960,,,,,,
,501961,,,,,,
,501962,,,,,,
,501963,,,,,,
,501964,,,,,,
,501965,,,,,,
,501966,,,,,,
,501967,,,,,,
,501968,,,,,,
,501969,,,,,,
,501970,,,,,,
,501971,,,,,,
,501974,,,,,,
,501975,,,,,,
,501976,,,,,,
,501977,,,,,,
,501978,,,,,,
,501979,,,,,,
,501980,,,,,,
,501981,,,,,,
,501982,,,,,,
,501983,,,,,,
,501984,,,,,,
,501985,,,,,,
,501986,,,,,,
,501987,,,,,,
,501988,,,,,,
,501989,,,,,,
,501990,,,,,,
,501991,,,,,,
,501992,,,,,,
,501993,,,,,,
,501994,,,,,,
,501996,,,,,,
,501997,,,,,,
,501998,,,,,,
,501999,,,,,,
,502000,,,,,,
,502001,,,,,,
,502002,,,,,,
,502003,,,,,,
,502004,,,,,,
,502005,,,,,,
,502006,,,,,,
,502007,,,,,,
,502008,,,,,,
,502009,,,,,,
,502010,,,,,,
,502011,,,,,,
,502012,,,,,,
,502013,,,,,,
,502014,,,,,,
,502015,,,,,,
,502016,,,,,,
,502017,,,,,,
,502018,,,,,,
,502019,,,,,,
,502020,,,,,,
,502021,,,,,,
,502022,,,,,,
,502023,,,,,,
,502024,,,,,,
,502025,,,,,,
,502026,,,,,,
,502027,,,,,,
,502029,,,,,,
,502030,,,,,,
,502031,,,,,,
,502032,,,,,,
,502033,,,,,,
,502034,,,,,,
,502035,,,,,,
,502036,,,,,,
,502037,,,,,,
,502039,,,,,,
,502040,,,,,,
,502041,,,,,,
,502044,,,,,,
,502051,,,,,,
,502052,,,,,,
,502053,,,,,,
,502055,,,,,,
,502056,,,,,,
,502057,,,,,,
,502058,,,,,,
,502059,,,,,,
,502062,,,,,,
,502063,,,,,,
,502064,,,,,,
,502065,,,,,,
,502066,,,,,,
,502067,,,,,,
,502069,,,,,,
,502070,,,,,,
,502071,,,,,,
,502072,,,,,,
,502073,,,,,,
,502074,,,,,,
,502075,,,,,,
,502076,,,,,,
,502077,,,,,,
,502078,,,,,,
,502079,,,,,,
,502080,,,,,,
,502081,,,,,,
,502082,,,,,,
,502083,,,,,,
,502084,,,,,,
,502085,,,,,,
,502086,,,,,,
,502087,,,,,,
,502088,,,,,,
,502089,,,,,,
,502090,,,,,,
,502091,,,,,,
,502092,,,,,,
,502093,,,,,,
,502094,,,,,,
,502097,,,,,,
,502098,,,,,,
,502099,,,,,,
,502100,,,,,,
,502101,,,,,,
,502102,,,,,,
,502103,,,,,,
,502104,,,,,,
,502105,,,,,,
,502106,,,,,,
,502107,,,,,,
,502108,,,,,,
,502109,,,,,,
,502110,,,,,,
,502112,,,,,,
,502113,,,,,,
,502114,,,,,,
,502115,,,,,,
,502116,,,,,,
,502117,,,,,,
,502118,,,,,,
,502120,,,,,,
,502121,,,,,,
,502123,,,,,,
,502124,,,,,,
,502125,,,,,,
,502126,,,,,,
,502127,,,,,,
,502128,,,,,,
,502129,,,,,,
,502130,,,,,,
,502131,,,,,,
,502132,,,,,,
,502133,,,,,,
,502134,,,,,,
,502135,,,,,,
,502136,,,,,,
,502137,,,,,,
,502138,,,,,,
,502139,,,,,,
,502140,,,,,,
,502141,,,,,,
,502142,,,,,,
,502143,,,,,,
,502144,,,,,,
,502145,,,,,,
,502146,,,,,,
,502147,,,,,,
,502148,,,,,,
,502150,,,,,,
,502151,,,,,,
,502152,,,,,,
,502153,,,,,,
,502157,,,,,,
,502158,,,,,,
,502159,,,,,,
,502160,,,,,,
,502161,,,,,,
,502162,,,,,,
,502163,,,,,,
,502164,,,,,,
,502165,,,,,,
,502167,,,,,,
,502168,,,,,,
,502169,,,,,,
,502170,,,,,,
,502171,,,,,,
,502172,,,,,,
,502173,,,,,,
,502174,,,,,,
,502176,,,,,,
,502178,,,,,,
,502179,,,,,,
,502180,,,,,,
,502181,,,,,,
,502182,,,,,,
,502183,,,,,,
,502184,,,,,,
,502185,,,,,,
,502186,,,,,,
,502187,,,,,,
,502188,,,,,,
,502189,,,,,,
,502190,,,,,,
,502191,,,,,,
,502192,,,,,,
,502193,,,,,,
,502194,,,,,,
,502195,,,,,,
,502196,,,,,,
,502198,,,,,,
,502199,,,,,,
,502201,,,,,,
,502202,,,,,,
,502203,,,,,,
,502204,,,,,,
,502205,,,,,,
,502206,,,,,,
,502207,,,,,,
,502208,,,,,,
,502209,,,,,,
,502211,,,,,,
,502212,,,,,,
,502213,,,,,,
,502214,,,,,,
,502215,,,,,,
,502216,,,,,,
,502217,,,,,,
,502218,,,,,,
,502219,,,,,,
,502220,,,,,,
,502221,,,,,,
,502222,,,,,,
,502223,,,,,,
,502226,,,,,,
,502228,,,,,,
,502229,,,,,,
,502230,,,,,,
,502231,,,,,,
,502232,,,,,,
,502233,,,,,,
,502234,,,,,,
,502235,,,,,,
,502236,,,,,,
,502237,,,,,,
,502238,,,,,,
,502239,,,,,,
,502240,,,,,,
,502241,,,,,,
,502242,,,,,,
,502243,,,,,,
,502244,,,,,,
,502245,,,,,,
,502246,,,,,,
,502247,,,,,,
,502248,,,,,,
,502249,,,,,,
,502250,,,,,,
,502251,,,,,,
,502252,,,,,,
,502253,,,,,,
,502254,,,,,,
,502255,,,,,,
,502256,,,,,,
,502257,,,,,,
,502258,,,,,,
,502259,,,,,,
,502260,,,,,,
,502261,,,,,,
,502262,,,,,,
,502264,,,,,,
,502265,,,,,,
,502266,,,,,,
,502267,,,,,,
,502268,,,,,,
,502269,,,,,,
,502270,,,,,,
,502271,,,,,,
,502272,,,,,,
,502273,,,,,,
,502274,,,,,,
,502275,,,,,,
,502276,,,,,,
,502277,,,,,,
,502278,,,,,,
,502279,,,,,,
,502280,,,,,,
,502281,,,,,,
,502282,,,,,,
,502283,,,,,,
,502284,,,,,,
,502285,,,,,,
,502286,,,,,,
,502287,,,,,,
,502288,,,,,,
,502289,,,,,,
,502290,,,,,,
,502291,,,,,,
,502292,,,,,,
,502293,,,,,,
,502294,,,,,,
,502295,,,,,,
,502296,,,,,,
,502297,,,,,,
,502298,,,,,,
,502299,,,,,,
,502328,,,,,,
,502329,,,,,,
,502330,,,,,,
,502331,,,,,,
,502332,,,,,,
,502333,,,,,,
,502334,,,,,,
,502335,,,,,,
,502336,,,,,,
,502337,,,,,,
,502338,,,,,,
,502339,,,,,,
,502340,,,,,,
,502341,,,,,,
,502342,,,,,,
,502343,,,,,,
,502344,,,,,,
,502345,,,,,,
,502346,,,,,,
,502347,,,,,,
,502348,,,,,,
,502349,,,,,,
,502350,,,,,,
,502351,,,,,,
,502352,,,,,,
,502353,,,,,,
,502354,,,,,,
,502355,,,,,,
,502356,,,,,,
,502357,,,,,,
,502358,,,,,,
,502359,,,,,,
,502360,,,,,,
,502361,,,,,,
,502362,,,,,,
,502364,,,,,,
,502366,,,,,,
,502367,,,,,,
,502368,,,,,,
,502369,,,,,,
,502370,,,,,,
,502371,,,,,,
,502372,,,,,,
,502373,,,,,,
,502374,,,,,,
,502375,,,,,,
,502376,,,,,,
,502377,,,,,,
,502378,,,,,,
,502379,,,,,,
,502380,,,,,,
,502381,,,,,,
,502382,,,,,,
,502384,,,,,,
,502385,,,,,,
,502386,,,,,,
,502387,,,,,,
,502388,,,,,,
,502391,,,,,,
,502392,,,,,,
,502393,,,,,,
,502394,,,,,,
,502395,,,,,,
,502396,,,,,,
,502397,,,,,,
,502398,,,,,,
,502399,,,,,,
,502400,,,,,,
,502401,,,,,,
,502402,,,,,,
,502403,,,,,,
,502404,,,,,,
,502405,,,,,,
,502406,,,,,,
,502410,,,,,,
,502411,,,,,,
,502412,,,,,,
,502413,,,,,,
,502415,,,,,,
,502416,,,,,,
,502417,,,,,,
,502418,,,,,,
,502419,,,,,,
,502420,,,,,,
,502421,,,,,,
,502422,,,,,,
,502423,,,,,,
,502424,,,,,,
,502425,,,,,,
,502426,,,,,,
,502427,,,,,,
,502428,,,,,,
,502429,,,,,,
,502430,,,,,,
,502431,,,,,,
,502432,,,,,,
,502433,,,,,,
,502434,,,,,,
,502435,,,,,,
,502436,,,,,,
,502437,,,,,,
,502438,,,,,,
,502439,,,,,,
,502440,,,,,,
,502441,,,,,,
,502442,,,,,,
,502443,,,,,,
,502444,,,,,,
,502445,,,,,,
,502446,,,,,,
,502447,,,,,,
,502448,,,,,,
,502449,,,,,,
,502450,,,,,,
,502451,,,,,,
,502452,,,,,,
,502453,,,,,,
,502454,,,,,,
,502458,,,,,,
,502461,,,,,,
,502462,,,,,,
,502463,,,,,,
,502465,,,,,,
,502466,,,,,,
,502467,,,,,,
,502468,,,,,,
,502469,,,,,,
,502470,,,,,,
,502471,,,,,,
,502472,,,,,,
,502473,,,,,,
,502477,,,,,,
,502479,,,,,,
,502480,,,,,,
,502481,,,,,,
,502482,,,,,,
,502483,,,,,,
,502484,,,,,,
,502485,,,,,,
,502486,,,,,,
,502487,,,,,,
,502488,,,,,,
,502489,,,,,,
,502490,,,,,,
,502491,,,,,,
,502492,,,,,,
,502493,,,,,,
,502494,,,,,,
,502495,,,,,,
,502496,,,,,,
,502497,,,,,,
,502498,,,,,,
,502500,,,,,,
,502501,,,,,,
,502502,,,,,,
,502503,,,,,,
,502504,,,,,,
,502505,,,,,,
,502506,,,,,,
,502507,,,,,,
,502508,,,,,,
,502510,,,,,,
,502512,,,,,,
,502520,,,,,,
,502521,,,,,,
,502522,,,,,,
,502523,,,,,,
,502524,,,,,,
,502525,,,,,,
,502526,,,,,,
,502527,,,,,,
,502531,,,,,,
,502532,,,,,,
,502533,,,,,,
,502536,,,,,,
,502537,,,,,,
,502538,,,,,,
,502539,,,,,,
,502540,,,,,,
,502541,,,,,,
,502542,,,,,,
,502543,,,,,,
,502544,,,,,,
,502545,,,,,,
,502546,,,,,,
,502547,,,,,,
,502551,,,,,,
,502552,,,,,,
,502553,,,,,,
,502554,,,,,,
,502555,,,,,,
,502557,,,,,,
,502558,,,,,,
,502559,,,,,,
,502560,,,,,,
,502561,,,,,,
,502562,,,,,,
,502564,,,,,,
,502565,,,,,,
,502566,,,,,,
,502567,,,,,,
,502568,,,,,,
,502569,,,,,,
,502570,,,,,,
,502571,,,,,,
,502572,,,,,,
,502573,,,,,,
,502574,,,,,,
,502575,,,,,,
,502576,,,,,,
,502577,,,,,,
,502578,,,,,,
,502579,,,,,,
,502580,,,,,,
,502582,,,,,,
,502584,,,,,,
,502586,,,,,,
,502587,,,,,,
,502588,,,,,,
,502589,,,,,,
,502590,,,,,,
,502591,,,,,,
,502592,,,,,,
,502593,,,,,,
,502594,,,,,,
,502595,,,,,,
,502596,,,,,,
,502622,,,,,,
,502641,,,,,,
,502642,,,,,,
,502643,,,,,,
,502644,,,,,,
,502645,,,,,,
,502646,,,,,,
,502647,,,,,,
,502648,,,,,,
,502649,,,,,,
,502650,,,,,,
,502651,,,,,,
,502652,,,,,,
,502653,,,,,,
,502654,,,,,,
,502655,,,,,,
,502656,,,,,,
,502657,,,,,,
,502659,,,,,,
,502660,,,,,,
,502661,,,,,,
,502662,,,,,,
,502663,,,,,,
,502665,,,,,,
,502666,,,,,,
,502667,,,,,,
,502668,,,,,,
,502669,,,,,,
,502670,,,,,,
,502671,,,,,,
,502672,,,,,,
,502673,,,,,,
,502674,,,,,,
,502675,,,,,,
,502676,,,,,,
,502677,,,,,,
,502678,,,,,,
,502679,,,,,,
,502680,,,,,,
,502682,,,,,,
,502683,,,,,,
,502684,,,,,,
,502685,,,,,,
,502686,,,,,,
,502687,,,,,,
,502688,,,,,,
,502689,,,,,,
,502690,,,,,,
,502691,,,,,,
,502692,,,,,,
,502693,,,,,,
,502694,,,,,,
,502695,,,,,,
,502696,,,,,,
,502697,,,,,,
,502698,,,,,,
,502699,,,,,,
,502700,,,,,,
,502701,,,,,,
,502702,,,,,,
,502703,,,,,,
,502704,,,,,,
,502705,,,,,,
,502706,,,,,,
,502707,,,,,,
,502708,,,,,,
,502709,,,,,,
,502710,,,,,,
,502711,,,,,,
,502712,,,,,,
,502713,,,,,,
,502714,,,,,,
,502715,,,,,,
,502716,,,,,,
,502717,,,,,,
,502718,,,,,,
,502719,,,,,,
,502720,,,,,,
,502721,,,,,,
,502722,,,,,,
,502723,,,,,,
,502724,,,,,,
,502725,,,,,,
,502727,,,,,,
,502728,,,,,,
,502729,,,,,,
,502730,,,,,,
,502732,,,,,,
,502742,,,,,,
,502758,,,,,,
,502759,,,,,,
,502762,,,,,,
,502768,,,,,,
,502771,,,,,,
,502772,,,,,,
,502773,,,,,,
,502774,,,,,,
,502776,,,,,,
,502777,,,,,,
,502778,,,,,,
,502779,,,,,,
,502780,,,,,,
,502781,,,,,,
,502782,,,,,,
,502783,,,,,,
,502784,,,,,,
,502787,,,,,,
,502788,,,,,,
,502789,,,,,,
,502803,,,,,,
,502804,,,,,,
,502816,,,,,,
,502819,,,,,,
,502821,,,,,,
,502824,,,,,,
,502825,,,,,,
,502827,,,,,,
,502828,,,,,,
,502829,,,,,,
,502830,,,,,,
,502831,,,,,,
,502832,,,,,,
,502833,,,,,,
,502834,,,,,,
,502842,,,,,,
,502843,,,,,,
,502847,,,,,,
,502848,,,,,,
,502849,,,,,,
,502850,,,,,,
,502851,,,,,,
,502852,,,,,,
,502853,,,,,,
,502854,,,,,,
,502855,,,,,,
,502856,,,,,,
,502857,,,,,,
,502859,,,,,,
,502860,,,,,,
,502861,,,,,,
,502862,,,,,,
,502863,,,,,,
,502864,,,,,,
,502865,,,,,,
,502866,,,,,,
,502867,,,,,,
,502868,,,,,,
,502869,,,,,,
,502870,,,,,,
,502871,,,,,,
,502872,,,,,,
,502873,,,,,,
,502874,,,,,,
,502875,,,,,,
,502876,,,,,,
,502877,,,,,,
,502878,,,,,,
,502916,,,,,,
,502917,,,,,,
,502918,,,,,,
,502919,,,,,,
,502920,,,,,,
,502921,,,,,,
,502922,,,,,,
,503337,,,,,,
,503338,,,,,,
,503339,,,,,,
,503340,,,,,,
,503341,,,,,,
,503342,,,,,,
,503343,,,,,,
,503344,,,,,,
,503345,,,,,,
,503346,,,,,,
,503347,,,,,,
,503348,,,,,,
,503349,,,,,,
,503350,,,,,,
,503351,,,,,,
,503352,,,,,,
,503353,,,,,,
,503354,,,,,,
,503355,,,,,,
,503356,,,,,,
,503357,,,,,,
,503358,,,,,,
,503362,,,,,,
,503363,,,,,,
,503364,,,,,,
,503365,,,,,,
,503366,,,,,,
,503367,,,,,,
,503379,,,,,,
,503380,,,,,,
